"id","model","category","maker","color","year","price","miles","serial_number","purchase_date","created_at","updated_at"
1,Civic,Minivan,Honda,Grey,"2015","350454.49","70300","5HNGZ2YR43VI17364","2017-04-05",2019-07-30 14:33:43,2019-07-30 14:33:43
2,Pathfiner,Cargo Van,Nissan,Yellow,"2018","462435.28","62423",RM7DTU3J200881037,"2017-01-07",2019-07-30 14:33:43,2019-07-30 14:33:43
3,Pathfiner,Hatchback,Nissan,Black,"2015","238358.72","54010","6U0W1BY20OC796499","2015-01-09",2019-07-30 14:33:43,2019-07-30 14:33:43
4,A7,Sedan,Audi,Yellow,"2016","117723.78","70120",F3NOMOE656QJ46194,"2014-09-19",2019-07-30 14:33:43,2019-07-30 14:33:43
5,Mustang,Minivan,Ford,Green,"2016","390556.39","74171",M9JDGYHU36S775162,"2016-02-12",2019-07-30 14:33:43,2019-07-30 14:33:43
6,Challenger,Passenger Van,Dodge,Grey,"2015","228466.97","80315","578TNN54I30534654","2018-09-24",2019-07-30 14:33:43,2019-07-30 14:33:43
7,A8,Regular Cab Pickup,Audi,Blue,"2015","346767.04","56824",AOWF9078VBUY50490,"2018-06-14",2019-07-30 14:33:43,2019-07-30 14:33:43
8,Fiesta,Sedan,Ford,White,"2015","484658.94","72237","0P96349B540194866","2017-10-22",2019-07-30 14:33:43,2019-07-30 14:33:43
9,MKX,Hatchback,Lincoln,Beige,"2016","199182.15","68736",A229UUW5850635222,"2018-01-14",2019-07-30 14:33:43,2019-07-30 14:33:43
10,"328i",Sedan,BMW,White,"2015","183545.42","59112",W46DIWO1A3V193169,"2018-06-04",2019-07-30 14:33:43,2019-07-30 14:33:43
11,MKZ,Extended Cab Pickup,Lincoln,Red,"2014","415469.53","89781",F7ZO60YH3J0844330,"2018-09-18",2019-07-30 14:33:43,2019-07-30 14:33:43
12,Durango,Extended Cab Pickup,Dodge,Violet,"2015","236976.18","58183",MX683LFIJJWL89239,"2017-09-20",2019-07-30 14:33:43,2019-07-30 14:33:43
13,A5,Minivan,Audi,Red,"2015","244191.25","83931","3R3924IYDJ0716144","2015-08-25",2019-07-30 14:33:43,2019-07-30 14:33:43
14,A8,Cargo Van,Audi,Violet,"2014","380574.18","87453","7CCUYQ5BBZ0668949","2017-07-25",2019-07-30 14:33:43,2019-07-30 14:33:43
15,Odyssey,Hatchback,Honda,Orange,"2018","303333.12","73992","575NZ3163LP919163","2019-04-23",2019-07-30 14:33:43,2019-07-30 14:33:43
16,Navigator,Convertible,Lincoln,Black,"2017","448684.78","84996","6QF4ZP7QFK0R34317","2017-03-23",2019-07-30 14:33:43,2019-07-30 14:33:43
17,Juke,Sedan,Nissan,Violet,"2017","132202.68","88556","26936344N7D584642","2015-11-15",2019-07-30 14:33:43,2019-07-30 14:33:43
18,A7,Convertible,Audi,Beige,"2019","220530.03","56166","8G58461VB0T611663","2016-01-09",2019-07-30 14:33:43,2019-07-30 14:33:43
19,LaCrosse,Convertible,Buick,Green,"2017","151533.57","73477","2EB8704B2J0366012","2017-11-12",2019-07-30 14:33:43,2019-07-30 14:33:43
20,Cube,Extended Cab Pickup,Nissan,Blue,"2019","193168.08","52390","0Y7RLN9B6O0463264","2015-06-14",2019-07-30 14:33:43,2019-07-30 14:33:43
21,Focus,Hatchback,Ford,Beige,"2016","247558.22","71382","8DD512SIB60097124","2015-02-19",2019-07-30 14:33:43,2019-07-30 14:33:43
22,Corolla,Coupe,Toyota,Beige,"2017","143179.41","58464",TXFLB796HYH104391,"2017-03-12",2019-07-30 14:33:43,2019-07-30 14:33:43
23,X5,Coupe,BMW,Violet,"2018","417742.54","84181",A9807WWI600H50854,"2015-11-13",2019-07-30 14:33:43,2019-07-30 14:33:43
24,Civic,Crew Cab Pickup,Honda,Yellow,"2017","421637.29","53247","879L3T5OXOPN50141","2017-11-09",2019-07-30 14:33:43,2019-07-30 14:33:43
25,Prius,SUV,Toyota,Violet,"2014","497704.64","71230",O80GVE10R8VX06151,"2017-05-29",2019-07-30 14:33:43,2019-07-30 14:33:43
26,CR-V,Hatchback,Honda,White,"2018","404963.00","64708","9S000GZ7JBGT49446","2019-02-22",2019-07-30 14:33:43,2019-07-30 14:33:43
27,Accord,SUV,Honda,White,"2018","381909.42","82503","02BHMTT32LM627470","2017-07-09",2019-07-30 14:33:43,2019-07-30 14:33:43
28,MKS,Minivan,Lincoln,Violet,"2015","499457.43","53209",DAN54X4OHC0077529,"2019-01-06",2019-07-30 14:33:43,2019-07-30 14:33:43
29,Corolla,Passenger Van,Toyota,Green,"2019","232297.64","67054","73335EO0P1HB60009","2015-10-11",2019-07-30 14:33:43,2019-07-30 14:33:43
30,Altima,SUV,Nissan,Beige,"2015","385712.30","83496",ZX9DM465YH0J92285,"2015-11-14",2019-07-30 14:33:43,2019-07-30 14:33:43
31,LaCrosse,SUV,Buick,Black,"2015","285396.91","59736","31KF0H9493L361110","2015-04-12",2019-07-30 14:33:43,2019-07-30 14:33:43
32,Camero,Sedan,Chevy,Black,"2016","490182.25","69740","83ZJBNV18G0M80521","2014-11-22",2019-07-30 14:33:43,2019-07-30 14:33:43
33,CR-V,Passenger Van,Honda,Grey,"2014","354791.19","81931","8V16749L04BD56158","2016-08-08",2019-07-30 14:33:43,2019-07-30 14:33:43
34,Encore,Convertible,Buick,Violet,"2015","191605.87","62897",DK6Y8DS83A0592167,"2017-05-08",2019-07-30 14:33:43,2019-07-30 14:33:43
35,Accord,Minivan,Honda,Red,"2017","190888.68","57343",V217BFN176QT33378,"2019-06-26",2019-07-30 14:33:43,2019-07-30 14:33:43
36,A4,Extended Cab Pickup,Audi,Blue,"2018","224630.75","66498","23CA838AP20693320","2017-11-18",2019-07-30 14:33:43,2019-07-30 14:33:43
37,Ram,Hatchback,Dodge,Black,"2018","187316.11","81471",Z3Q2W9355LB827077,"2015-01-21",2019-07-30 14:33:43,2019-07-30 14:33:43
38,Navigator,Sedan,Lincoln,Blue,"2017","415956.59","78126",Q43H9ME0FS0T86773,"2015-03-24",2019-07-30 14:33:43,2019-07-30 14:33:43
39,Altima,Crew Cab Pickup,Nissan,White,"2014","308799.18","81462","6S21TJVB58UR01143","2017-12-21",2019-07-30 14:33:43,2019-07-30 14:33:43
40,Verano,Wagon,Buick,Red,"2018","234543.72","64510","2IZ40E6XT80S40876","2016-12-20",2019-07-30 14:33:43,2019-07-30 14:33:43
41,MKS,Convertible,Lincoln,Blue,"2016","458597.45","56711",DJVH2E6F4H0M63860,"2014-09-21",2019-07-30 14:33:43,2019-07-30 14:33:43
42,Riveria,Coupe,Buick,White,"2016","121305.04","50088","8K296D29NCNH69601","2017-09-04",2019-07-30 14:33:43,2019-07-30 14:33:43
43,Odyssey,Coupe,Honda,Violet,"2017","285193.94","74454","9Q6T383M54MT54486","2016-10-24",2019-07-30 14:33:43,2019-07-30 14:33:43
44,Corolla,Cargo Van,Toyota,Violet,"2015","124806.35","57970","4X0UP7ZV0XI223170","2017-04-03",2019-07-30 14:33:43,2019-07-30 14:33:43
45,Durango,Regular Cab Pickup,Dodge,Orange,"2017","284232.99","53472",IX2QI3H23N0364352,"2017-03-03",2019-07-30 14:33:43,2019-07-30 14:33:43
46,X5,Hatchback,BMW,Grey,"2019","464646.68","56187",J0JS18F27CTW67062,"2015-07-26",2019-07-30 14:33:43,2019-07-30 14:33:43
47,Fiesta,SUV,Ford,White,"2017","178413.01","61504","36HXNPS3X2TP32113","2015-08-26",2019-07-30 14:33:43,2019-07-30 14:33:43
48,Focus,Cargo Van,Ford,Green,"2018","486442.81","66714",GB0X3U34JG0Z08615,"2019-02-16",2019-07-30 14:33:43,2019-07-30 14:33:43
49,Camero,Cargo Van,Chevy,Violet,"2017","442555.97","86529",JMNI2AX91YF413432,"2016-07-15",2019-07-30 14:33:43,2019-07-30 14:33:43
50,Fiesta,Cargo Van,Ford,Yellow,"2015","420774.35","69451",TVKDP24CEEYM23212,"2017-04-21",2019-07-30 14:33:43,2019-07-30 14:33:43
51,MKZ,Regular Cab Pickup,Lincoln,Beige,"2018","461843.44","64655",OL2100R0040383452,"2015-01-05",2019-07-30 14:33:43,2019-07-30 14:33:43
52,MKX,Passenger Van,Lincoln,Orange,"2018","440071.04","87694",QXJ9H88GBQQ544248,"2017-12-08",2019-07-30 14:33:43,2019-07-30 14:33:43
53,Prius,Coupe,Toyota,Yellow,"2015","391514.78","82745",P46UR98Y130B16315,"2015-07-11",2019-07-30 14:33:43,2019-07-30 14:33:43
54,Riveria,Coupe,Buick,Red,"2018","443130.61","75847",NPYR42O5J6AS88125,"2015-02-26",2019-07-30 14:33:43,2019-07-30 14:33:43
55,X1,Wagon,BMW,Red,"2018","223134.73","81418",L27G70TCHUPB33245,"2015-09-08",2019-07-30 14:33:43,2019-07-30 14:33:43
56,S5,Extended Cab Pickup,Audi,White,"2018","197976.18","58646","3D32431WUZPW53564","2015-08-05",2019-07-30 14:33:43,2019-07-30 14:33:43
57,A8,Regular Cab Pickup,Audi,Beige,"2017","359349.65","67528",T43Z0J00PI0Q50455,"2017-05-23",2019-07-30 14:33:43,2019-07-30 14:33:43
58,Odyssey,Crew Cab Pickup,Honda,Yellow,"2015","104831.45","80638",UQMY17MUIA0643705,"2019-01-18",2019-07-30 14:33:43,2019-07-30 14:33:43
59,X5,Sedan,BMW,Green,"2015","135865.30","88731",A730A0TL4M0P77963,"2015-10-11",2019-07-30 14:33:43,2019-07-30 14:33:43
60,A5,Minivan,Audi,Grey,"2017","429975.98","52670",FB2JX6M0PV0D54380,"2017-02-24",2019-07-30 14:33:43,2019-07-30 14:33:43
61,Prius,Sedan,Toyota,Beige,"2016","179906.18","64681","18P797HKV9Q388608","2015-05-26",2019-07-30 14:33:43,2019-07-30 14:33:43
62,Silverado,Regular Cab Pickup,Chevy,White,"2016","333139.40","57631","9V44CY7M010R41963","2018-08-05",2019-07-30 14:33:43,2019-07-30 14:33:43
63,Corolla,Regular Cab Pickup,Toyota,Violet,"2015","276580.78","89580","7MR6QA5826QK02070","2016-03-18",2019-07-30 14:33:43,2019-07-30 14:33:43
64,Mustang,Passenger Van,Ford,Red,"2014","119427.99","82370",R764FS2C800L79222,"2019-03-12",2019-07-30 14:33:43,2019-07-30 14:33:43
65,Civic,Crew Cab Pickup,Honda,Yellow,"2015","226653.78","61320",G58N00S08A0412443,"2018-12-02",2019-07-30 14:33:43,2019-07-30 14:33:43
66,Charger,Cargo Van,Dodge,Grey,"2019","420338.29","71421","9SL4A1L2540M88017","2019-02-24",2019-07-30 14:33:43,2019-07-30 14:33:43
67,Malibu,Extended Cab Pickup,Chevy,Orange,"2015","444126.72","71023","42B9K6KH460S96319","2016-11-26",2019-07-30 14:33:43,2019-07-30 14:33:43
68,Malibu,Hatchback,Chevy,Grey,"2016","165668.38","63892",I4BB220AOE0073791,"2016-12-28",2019-07-30 14:33:43,2019-07-30 14:33:43
69,A4,Cargo Van,Audi,Red,"2015","420564.72","63366","952UVQ7H910243022","2017-12-22",2019-07-30 14:33:43,2019-07-30 14:33:43
70,MKX,Regular Cab Pickup,Lincoln,Violet,"2019","269096.95","50045",VFX7B46MOKB271741,"2018-06-29",2019-07-30 14:33:43,2019-07-30 14:33:43
71,M3,Crew Cab Pickup,BMW,Grey,"2015","468704.61","58367",H8R8HHVN2PQC76987,"2015-06-12",2019-07-30 14:33:43,2019-07-30 14:33:43
72,Civic,Minivan,Honda,Grey,"2014","357878.23","61617",LH32HUVHW80052738,"2014-08-31",2019-07-30 14:33:43,2019-07-30 14:33:43
73,Durango,Sedan,Dodge,Grey,"2015","291140.51","67697",Q6Z74SK5NF0U50061,"2015-06-30",2019-07-30 14:33:43,2019-07-30 14:33:43
74,Civic,Crew Cab Pickup,Honda,Violet,"2017","430155.68","57535","6U1083989VLH26130","2019-01-29",2019-07-30 14:33:43,2019-07-30 14:33:43
75,Fiesta,Hatchback,Ford,Violet,"2017","402777.75","86771","8TA96QKEC70L56631","2015-10-21",2019-07-30 14:33:43,2019-07-30 14:33:43
76,F150,SUV,Ford,Yellow,"2019","139113.99","82708",CM994II0PL0888122,"2018-04-12",2019-07-30 14:33:43,2019-07-30 14:33:43
77,Camero,Crew Cab Pickup,Chevy,Blue,"2016","117509.52","58884","16HKS311920T28222","2015-08-30",2019-07-30 14:33:43,2019-07-30 14:33:43
78,X1,SUV,BMW,Blue,"2019","422347.56","56640","119WZ469G2Z438281","2019-03-18",2019-07-30 14:33:43,2019-07-30 14:33:43
79,Silverado,Sedan,Chevy,Beige,"2016","300786.45","55677",W8A46H47H0J064837,"2019-03-19",2019-07-30 14:33:43,2019-07-30 14:33:43
80,LaCrosse,Crew Cab Pickup,Buick,Red,"2019","280124.71","81140",F83JC05YF80B81312,"2019-02-07",2019-07-30 14:33:43,2019-07-30 14:33:43
81,MKX,Wagon,Lincoln,Red,"2016","497313.33","89881",AKR24X00IE0J61849,"2019-02-12",2019-07-30 14:33:43,2019-07-30 14:33:43
82,Camero,Minivan,Chevy,Orange,"2019","402645.82","89435",J6627M59180G02904,"2017-10-01",2019-07-30 14:33:43,2019-07-30 14:33:43
83,Cube,SUV,Nissan,Green,"2015","488664.14","71239","264C0KL9XBJE47866","2017-04-19",2019-07-30 14:33:43,2019-07-30 14:33:43
84,Challenger,Cargo Van,Dodge,Grey,"2017","487742.60","71945","8N89AV3BY3H816230","2019-05-07",2019-07-30 14:33:43,2019-07-30 14:33:43
85,Altima,Minivan,Nissan,Orange,"2017","200740.45","80467","28LDIF9K1UFZ78633","2018-10-10",2019-07-30 14:33:43,2019-07-30 14:33:43
86,Riveria,Crew Cab Pickup,Buick,Black,"2016","195995.30","78990",QUJWCUCFJ5FB01781,"2017-08-08",2019-07-30 14:33:43,2019-07-30 14:33:43
87,Durango,Hatchback,Dodge,Grey,"2018","252047.68","60946","6I05K05DP5U697954","2015-05-02",2019-07-30 14:33:44,2019-07-30 14:33:44
88,Malibu,Wagon,Chevy,Blue,"2018","343429.50","69480",R3TIBW43O8DE54851,"2017-11-25",2019-07-30 14:33:44,2019-07-30 14:33:44
89,Focus,Convertible,Ford,Yellow,"2014","242753.17","76653","1D5BM9N218L255252","2019-02-14",2019-07-30 14:33:44,2019-07-30 14:33:44
90,X3,Regular Cab Pickup,BMW,Red,"2014","133397.11","59287",B41P02DI63DT78356,"2018-04-21",2019-07-30 14:33:44,2019-07-30 14:33:44
91,LaCrosse,Minivan,Buick,Beige,"2015","368639.91","73813",PD2HR8EP0IF004758,"2019-05-24",2019-07-30 14:33:44,2019-07-30 14:33:44
92,Camero,SUV,Chevy,Green,"2014","294099.40","84200","25CXA320JVPM12617","2016-02-10",2019-07-30 14:33:44,2019-07-30 14:33:44
93,Riveria,Coupe,Buick,Orange,"2019","116171.95","76216",X0K5S70U7YGG47038,"2017-11-22",2019-07-30 14:33:44,2019-07-30 14:33:44
94,X3,Cargo Van,BMW,Violet,"2019","357253.79","57535",L9Y2R8FO7AO200505,"2014-12-03",2019-07-30 14:33:44,2019-07-30 14:33:44
95,Navigator,Convertible,Lincoln,Violet,"2017","194338.03","77127",C9N8786N7CUY26569,"2019-06-25",2019-07-30 14:33:44,2019-07-30 14:33:44
96,Challenger,Coupe,Dodge,Orange,"2016","272234.14","86466","6745AU3C1NPT29497","2016-12-02",2019-07-30 14:33:44,2019-07-30 14:33:44
97,Focus,Coupe,Ford,Red,"2017","424494.40","53974",WD3H1U18B60X31468,"2014-12-03",2019-07-30 14:33:44,2019-07-30 14:33:44
98,Focus,Wagon,Ford,Yellow,"2017","218336.48","51391",OJ8CH8925FS501009,"2017-01-26",2019-07-30 14:33:44,2019-07-30 14:33:44
99,Corolla,Passenger Van,Toyota,Beige,"2017","240772.31","73861","0ETCW4S6I60841777","2016-05-16",2019-07-30 14:33:44,2019-07-30 14:33:44
100,Altima,Crew Cab Pickup,Nissan,Grey,"2015","327849.43","66020",M0R4395NSVZB68535,"2018-01-27",2019-07-30 14:33:44,2019-07-30 14:33:44
101,Rogue,Regular Cab Pickup,Nissan,Blue,"2016","119410.93","66084","3F5A3S9FV0J102432","2014-09-28",2019-07-30 14:33:44,2019-07-30 14:33:44
102,A4,Minivan,Audi,Blue,"2016","308009.95","75448","40IG18AAPJU289243","2018-07-27",2019-07-30 14:33:44,2019-07-30 14:33:44
103,Riveria,SUV,Buick,Violet,"2019","153479.45","60339",UQQ57D84C2ZF86917,"2018-03-20",2019-07-30 14:33:44,2019-07-30 14:33:44
104,Silverado,Minivan,Chevy,Orange,"2018","102932.46","73494","9OH5G2737LYO13344","2016-06-06",2019-07-30 14:33:44,2019-07-30 14:33:44
105,Verano,Coupe,Buick,Grey,"2018","150238.16","56373",B1K6I4Y48O0628796,"2016-04-28",2019-07-30 14:33:44,2019-07-30 14:33:44
106,Riveria,Wagon,Buick,Beige,"2019","450298.05","64737","0WJD2XRNY7NL37858","2016-04-28",2019-07-30 14:33:44,2019-07-30 14:33:44
107,Challenger,Passenger Van,Dodge,Grey,"2015","217324.98","68214","2A8N4P03V4U339896","2015-04-20",2019-07-30 14:33:44,2019-07-30 14:33:44
108,Prius,SUV,Toyota,Beige,"2017","464561.57","68900","56PBU04F540A92610","2017-07-31",2019-07-30 14:33:44,2019-07-30 14:33:44
109,X5,SUV,BMW,Green,"2014","168000.71","62350","08QY1087UXD083899","2018-02-02",2019-07-30 14:33:44,2019-07-30 14:33:44
110,A7,Cargo Van,Audi,Grey,"2018","389602.55","54789","28VVSFY9S80W50668","2015-10-20",2019-07-30 14:33:44,2019-07-30 14:33:44
111,Mustang,Convertible,Ford,Beige,"2016","148959.23","70255",TOG9M0N2T0K640820,"2016-01-30",2019-07-30 14:33:44,2019-07-30 14:33:44
112,Fiesta,Coupe,Ford,Beige,"2015","260517.10","58551","65XF3X6R16DR40652","2015-07-17",2019-07-30 14:33:44,2019-07-30 14:33:44
113,Focus,Regular Cab Pickup,Ford,Red,"2016","303657.33","89189","4Q20C8QS23OA52878","2016-08-10",2019-07-30 14:33:44,2019-07-30 14:33:44
114,LaCrosse,SUV,Buick,Grey,"2016","346806.76","78184",N3GSVEZPW1S329036,"2018-09-16",2019-07-30 14:33:44,2019-07-30 14:33:44
115,MKX,Regular Cab Pickup,Lincoln,Red,"2018","149155.89","63155",C46DTVP680LJ79887,"2014-12-28",2019-07-30 14:33:44,2019-07-30 14:33:44
116,Versa,Coupe,Nissan,Violet,"2019","143305.15","55629","87M43K74NK0284415","2019-03-20",2019-07-30 14:33:44,2019-07-30 14:33:44
117,MKX,Regular Cab Pickup,Lincoln,Red,"2019","188292.83","76810",M18564B617OW59454,"2018-08-06",2019-07-30 14:33:44,2019-07-30 14:33:44
118,Cube,Regular Cab Pickup,Nissan,Orange,"2019","125550.03","78543",EDB22MC8Z4U218042,"2016-05-22",2019-07-30 14:33:44,2019-07-30 14:33:44
119,Altima,Extended Cab Pickup,Nissan,Grey,"2019","476611.75","69022","44N662TW5T0X33690","2018-12-11",2019-07-30 14:33:44,2019-07-30 14:33:44
120,Fiesta,Extended Cab Pickup,Ford,Yellow,"2019","139955.95","56274","3A39K2FX29TG32905","2019-02-06",2019-07-30 14:33:44,2019-07-30 14:33:44
121,Malibu,Wagon,Chevy,Yellow,"2015","182893.44","77744",E0E37EG4Y7UO48936,"2018-08-11",2019-07-30 14:33:44,2019-07-30 14:33:44
122,Navigator,Regular Cab Pickup,Lincoln,Red,"2019","348225.56","81202","9IOV1ZD2860666461","2015-10-22",2019-07-30 14:33:44,2019-07-30 14:33:44
123,Civic,SUV,Honda,Green,"2016","113305.41","67537",H93VI54137VT50482,"2015-08-17",2019-07-30 14:33:44,2019-07-30 14:33:44
124,Enclave,Regular Cab Pickup,Buick,Black,"2018","100515.49","78989","685KN4X1CLU302377","2018-07-26",2019-07-30 14:33:44,2019-07-30 14:33:44
125,Silverado,Regular Cab Pickup,Chevy,Black,"2016","409144.93","56763",K9TR50OM6K0224207,"2014-10-03",2019-07-30 14:33:44,2019-07-30 14:33:44
126,A8,Extended Cab Pickup,Audi,Red,"2014","396038.11","75318",VW5E8N2KLV0552963,"2019-06-19",2019-07-30 14:33:44,2019-07-30 14:33:44
127,Odyssey,Cargo Van,Honda,Orange,"2016","482811.22","89018","169U21KMD50P50138","2019-02-18",2019-07-30 14:33:44,2019-07-30 14:33:44
128,Odyssey,Crew Cab Pickup,Honda,Yellow,"2019","241988.32","75917","9YB457IC1KXZ55904","2017-01-28",2019-07-30 14:33:44,2019-07-30 14:33:44
129,Silverado,Coupe,Chevy,Beige,"2016","235542.76","69480","5751ZR6S830J90720","2014-11-15",2019-07-30 14:33:44,2019-07-30 14:33:44
130,Versa,Minivan,Nissan,Blue,"2017","150630.17","70273","88W2BQL84OA994721","2019-03-14",2019-07-30 14:33:44,2019-07-30 14:33:44
131,Versa,Wagon,Nissan,Red,"2018","254757.31","69749","65CPLS8O78D333766","2017-02-25",2019-07-30 14:33:44,2019-07-30 14:33:44
132,Corolla,Wagon,Toyota,White,"2018","140577.71","64473",L3VDU2OGRDJP60476,"2017-12-18",2019-07-30 14:33:44,2019-07-30 14:33:44
133,Corolla,Convertible,Toyota,Beige,"2017","452945.53","65516","0PT0PWGJ150F32896","2017-12-04",2019-07-30 14:33:44,2019-07-30 14:33:44
134,S5,Minivan,Audi,Yellow,"2015","211458.79","89005","0HA6MQ23X1X117981","2017-10-20",2019-07-30 14:33:44,2019-07-30 14:33:44
135,Charger,Coupe,Dodge,Green,"2018","169534.51","56352","4Y89G7JWS3MA04105","2019-07-27",2019-07-30 14:33:44,2019-07-30 14:33:44
136,Regal,Cargo Van,Buick,Green,"2016","347051.16","53527","834DC8F8L2D078575","2014-12-03",2019-07-30 14:33:44,2019-07-30 14:33:44
137,Corolla,SUV,Toyota,Violet,"2016","176218.44","57247",E742GP6O8T0163737,"2014-08-14",2019-07-30 14:33:44,2019-07-30 14:33:44
138,Navigator,Hatchback,Lincoln,White,"2015","499434.53","72055","9Y377F50P6VN72109","2017-04-28",2019-07-30 14:33:44,2019-07-30 14:33:44
139,Ram,Sedan,Dodge,Blue,"2017","490226.64","63234",IX30KP72OAJJ80476,"2015-03-18",2019-07-30 14:33:44,2019-07-30 14:33:44
140,X3,Cargo Van,BMW,Red,"2015","299087.20","89761",E467BW12B4G004608,"2016-12-04",2019-07-30 14:33:44,2019-07-30 14:33:44
141,MKX,Convertible,Lincoln,Black,"2019","272131.81","86169","810XSZ76630050420","2018-05-13",2019-07-30 14:33:44,2019-07-30 14:33:44
142,Malibu,SUV,Chevy,White,"2017","296312.65","84272",LD24D70768A870613,"2016-11-09",2019-07-30 14:33:44,2019-07-30 14:33:44
143,Odyssey,Wagon,Honda,Green,"2018","104817.68","58179","117NXG67YL0B11174","2015-01-09",2019-07-30 14:33:44,2019-07-30 14:33:44
144,M5,Wagon,BMW,Yellow,"2018","119879.55","77462","83008E7WBTT031438","2015-01-23",2019-07-30 14:33:44,2019-07-30 14:33:44
145,X1,Sedan,BMW,Red,"2016","317444.43","84022","1475W7T9X00341230","2016-03-31",2019-07-30 14:33:44,2019-07-30 14:33:44
146,MKX,Passenger Van,Lincoln,Beige,"2019","313882.96","56132","4F4243H2H7M939633","2018-02-20",2019-07-30 14:33:44,2019-07-30 14:33:44
147,Fiesta,Minivan,Ford,Orange,"2017","253200.70","68357",V110UE2ZA6O600128,"2014-09-17",2019-07-30 14:33:44,2019-07-30 14:33:44
148,Durango,Cargo Van,Dodge,Grey,"2018","227601.28","66783",AXJ47N2075HD15027,"2014-08-18",2019-07-30 14:33:44,2019-07-30 14:33:44
149,Fiesta,Sedan,Ford,Blue,"2018","229276.09","78727",J9S90OC0XP0308051,"2018-11-16",2019-07-30 14:33:44,2019-07-30 14:33:44
150,Malibu,Minivan,Chevy,Blue,"2019","112025.83","62131",K26FA5KES3A812708,"2016-03-05",2019-07-30 14:33:44,2019-07-30 14:33:44
151,Riveria,SUV,Buick,Blue,"2016","400089.07","67541",RU382DSPJ0FM01547,"2019-01-05",2019-07-30 14:33:44,2019-07-30 14:33:44
152,Camry,Hatchback,Toyota,Green,"2015","406642.86","62621",EJT2503HO2U955318,"2016-06-27",2019-07-30 14:33:44,2019-07-30 14:33:44
153,Odyssey,Regular Cab Pickup,Honda,Orange,"2016","278510.19","51700",O988853649A427479,"2017-03-29",2019-07-30 14:33:44,2019-07-30 14:33:44
154,Prius,Regular Cab Pickup,Toyota,Yellow,"2014","369711.14","62173",C0O08FV9FBD045004,"2019-07-30",2019-07-30 14:33:44,2019-07-30 14:33:44
155,Prius,Extended Cab Pickup,Toyota,Black,"2019","448728.99","79090",OVBF876LE20R74375,"2016-07-20",2019-07-30 14:33:44,2019-07-30 14:33:44
156,Pathfiner,Passenger Van,Nissan,White,"2016","266700.56","50242","6B5E25R2B6RG68607","2017-06-18",2019-07-30 14:33:44,2019-07-30 14:33:44
157,Silverado,Convertible,Chevy,Green,"2015","160816.46","80760","6CCC640RC30H68093","2019-07-15",2019-07-30 14:33:44,2019-07-30 14:33:44
158,Silverado,Extended Cab Pickup,Chevy,Blue,"2018","492459.10","64138","5P03816KJ80616069","2017-04-10",2019-07-30 14:33:44,2019-07-30 14:33:44
159,F150,SUV,Ford,Violet,"2019","354435.75","60577",B13MJ2Y2VH0U22507,"2018-02-05",2019-07-30 14:33:44,2019-07-30 14:33:44
160,Prius,Wagon,Toyota,Grey,"2019","411641.15","63406",YD0I23B6F5A787869,"2015-10-16",2019-07-30 14:33:44,2019-07-30 14:33:44
161,Accord,Minivan,Honda,Orange,"2018","482602.48","87948","32X385BVBA0945615","2018-06-09",2019-07-30 14:33:44,2019-07-30 14:33:44
162,Fiesta,Wagon,Ford,Beige,"2019","235532.97","66754",NGT7Y3RTNAB213499,"2018-12-23",2019-07-30 14:33:44,2019-07-30 14:33:44
163,"328i",Wagon,BMW,Black,"2015","392860.71","73471","9I8H4N3R38Q726972","2015-10-19",2019-07-30 14:33:44,2019-07-30 14:33:44
164,Malibu,Crew Cab Pickup,Chevy,Green,"2019","462311.61","60963","7S4241278M0363983","2016-09-08",2019-07-30 14:33:44,2019-07-30 14:33:44
165,Camry,Convertible,Toyota,Blue,"2018","363919.71","71257","943429JL93IO97324","2018-11-24",2019-07-30 14:33:44,2019-07-30 14:33:44
166,Camry,Passenger Van,Toyota,Blue,"2014","316924.75","53066",W3Q20N924Q0699620,"2016-06-10",2019-07-30 14:33:44,2019-07-30 14:33:44
167,A7,Extended Cab Pickup,Audi,Beige,"2016","433197.35","86028",BRUZN4R67VOK25699,"2018-12-23",2019-07-30 14:33:44,2019-07-30 14:33:44
168,Silverado,Crew Cab Pickup,Chevy,Yellow,"2016","422459.21","63088","60PK7IK921AO88680","2019-04-09",2019-07-30 14:33:44,2019-07-30 14:33:44
169,Silverado,Passenger Van,Chevy,Violet,"2016","374299.98","82594","74TB49874NEN51487","2017-12-02",2019-07-30 14:33:44,2019-07-30 14:33:44
170,A7,Cargo Van,Audi,Black,"2018","118659.96","59873",O64VGS3D8F0329205,"2018-08-28",2019-07-30 14:33:44,2019-07-30 14:33:44
171,X3,Wagon,BMW,Green,"2018","497649.39","85958",UDKE9J9GSZSQ64577,"2015-12-10",2019-07-30 14:33:44,2019-07-30 14:33:44
172,F150,Sedan,Ford,Red,"2017","271128.09","58137",TOB1DW42WK0G79206,"2016-06-27",2019-07-30 14:33:44,2019-07-30 14:33:44
173,Charger,Crew Cab Pickup,Dodge,White,"2017","472374.29","72289","5FB58YZSC60N39714","2019-07-05",2019-07-30 14:33:44,2019-07-30 14:33:44
174,Encore,Passenger Van,Buick,Beige,"2018","134313.64","69696","5K973M9U05LI29205","2015-02-14",2019-07-30 14:33:44,2019-07-30 14:33:44
175,CR-V,Wagon,Honda,Green,"2016","342888.50","53562","37KK44VI1WYK64304","2019-02-25",2019-07-30 14:33:44,2019-07-30 14:33:44
176,LaCrosse,Passenger Van,Buick,Blue,"2019","100336.73","59826",GB117C7QL20976902,"2018-09-11",2019-07-30 14:33:44,2019-07-30 14:33:44
177,Corolla,Regular Cab Pickup,Toyota,Blue,"2016","233342.54","80633","112FO262280312443","2016-11-26",2019-07-30 14:33:44,2019-07-30 14:33:44
178,A5,SUV,Audi,Black,"2017","439483.11","89141",AZUA17J447AA21201,"2016-06-09",2019-07-30 14:33:44,2019-07-30 14:33:44
179,Pathfiner,Regular Cab Pickup,Nissan,Green,"2015","279424.91","86382",KA5WBZ5XZA0A70751,"2017-01-30",2019-07-30 14:33:44,2019-07-30 14:33:44
180,Mustang,Coupe,Ford,Orange,"2018","290729.07","57230",QPQH3OB53T0853130,"2015-10-17",2019-07-30 14:33:44,2019-07-30 14:33:44
181,Corolla,Convertible,Toyota,Yellow,"2018","447643.35","86235",HIYL8023P80K34357,"2019-03-29",2019-07-30 14:33:44,2019-07-30 14:33:44
182,Durango,Convertible,Dodge,Yellow,"2018","219271.30","61548","1U0E1S8XC60M03163","2019-07-10",2019-07-30 14:33:44,2019-07-30 14:33:44
183,MKX,Crew Cab Pickup,Lincoln,Black,"2018","327098.34","86530",X3MW2S797AB497102,"2015-03-15",2019-07-30 14:33:44,2019-07-30 14:33:44
184,Encore,Coupe,Buick,Blue,"2019","426394.53","75026","34XWA27GU00771488","2015-05-01",2019-07-30 14:33:44,2019-07-30 14:33:44
185,Pathfiner,Convertible,Nissan,White,"2017","232179.72","70007",C0866Q4X5T0Z41445,"2016-09-13",2019-07-30 14:33:44,2019-07-30 14:33:44
186,Navigator,Wagon,Lincoln,Orange,"2018","176068.15","81650",A167LDHHW0Z108394,"2015-04-30",2019-07-30 14:33:44,2019-07-30 14:33:44
187,Camero,Passenger Van,Chevy,Green,"2018","486110.82","84490",AEK8UMYGOEQ830655,"2015-11-16",2019-07-30 14:33:44,2019-07-30 14:33:44
188,X1,Wagon,BMW,Yellow,"2017","381778.12","81859","0495WT7M100S25842","2016-05-19",2019-07-30 14:33:44,2019-07-30 14:33:44
189,X1,Minivan,BMW,White,"2016","485880.12","50399",Q974TAGD0RSX84498,"2016-10-02",2019-07-30 14:33:44,2019-07-30 14:33:44
190,Rogue,SUV,Nissan,Yellow,"2019","341396.94","80371","25G2I1L528BI93984","2019-05-01",2019-07-30 14:33:44,2019-07-30 14:33:44
191,Mustang,Hatchback,Ford,Green,"2014","452498.42","58192","5U51KL1611C535383","2018-04-19",2019-07-30 14:33:44,2019-07-30 14:33:44
192,MKZ,Regular Cab Pickup,Lincoln,Beige,"2018","298861.56","87629",EAD0JX3V07N204017,"2017-08-14",2019-07-30 14:33:44,2019-07-30 14:33:44
193,Encore,Regular Cab Pickup,Buick,Green,"2018","432738.93","66895",UF8UNA8TO30B92260,"2018-10-04",2019-07-30 14:33:44,2019-07-30 14:33:44
194,F150,Regular Cab Pickup,Ford,Red,"2019","269266.32","74960","1T36MWA404R076764","2016-03-21",2019-07-30 14:33:44,2019-07-30 14:33:44
195,M5,Wagon,BMW,Orange,"2018","166267.76","76535","37QF4H6AEL0706920","2016-03-19",2019-07-30 14:33:44,2019-07-30 14:33:44
196,Cube,Crew Cab Pickup,Nissan,Violet,"2016","255882.00","81050","64WJ97526K0D19973","2018-01-30",2019-07-30 14:33:44,2019-07-30 14:33:44
197,Focus,Sedan,Ford,Violet,"2018","136935.63","88263","9CK723YP92QM86283","2016-03-27",2019-07-30 14:33:44,2019-07-30 14:33:44
198,Fiesta,Passenger Van,Ford,Green,"2018","372909.31","69777","02LQ03FQFTNR41517","2019-06-20",2019-07-30 14:33:44,2019-07-30 14:33:44
199,MKS,Cargo Van,Lincoln,Blue,"2017","115678.95","87819","6H1H9A47KW0506036","2015-02-13",2019-07-30 14:33:44,2019-07-30 14:33:44
200,Navigator,SUV,Lincoln,Blue,"2017","287194.85","79965","2W6T0R27230972427","2017-04-14",2019-07-30 14:33:44,2019-07-30 14:33:44
201,Prius,Crew Cab Pickup,Toyota,Red,"2017","266449.73","63371",M92206PHU1R287405,"2015-07-06",2019-07-30 14:33:44,2019-07-30 14:33:44
202,S5,Minivan,Audi,Blue,"2015","315597.31","61085",R19681ZA48Z748822,"2017-12-30",2019-07-30 14:33:44,2019-07-30 14:33:44
203,Prius,Regular Cab Pickup,Toyota,Red,"2018","230717.86","76193","48623WT7L80N17453","2017-04-07",2019-07-30 14:33:44,2019-07-30 14:33:44
204,Prius,Hatchback,Toyota,White,"2018","340978.00","80896",HX13MQOB3Y0832728,"2015-09-01",2019-07-30 14:33:44,2019-07-30 14:33:44
205,Accord,Wagon,Honda,Orange,"2017","386240.71","62049",HD70JWNM67TG79605,"2016-02-05",2019-07-30 14:33:44,2019-07-30 14:33:44
206,Challenger,Convertible,Dodge,White,"2016","192761.54","81827",SL907JJ43V0586619,"2015-12-01",2019-07-30 14:33:44,2019-07-30 14:33:44
207,Challenger,Convertible,Dodge,Orange,"2017","196621.55","88304","8F28AKX9BOJ773212","2015-12-15",2019-07-30 14:33:44,2019-07-30 14:33:44
208,MKZ,Minivan,Lincoln,Violet,"2016","201748.07","84907",A4JE8P61630W80307,"2015-01-18",2019-07-30 14:33:44,2019-07-30 14:33:44
209,F150,Extended Cab Pickup,Ford,Grey,"2018","293822.48","87473",B10LDX7JD6YA78209,"2018-07-10",2019-07-30 14:33:44,2019-07-30 14:33:44
210,Versa,Crew Cab Pickup,Nissan,Yellow,"2016","175016.70","73332",W405K8X1P0D505393,"2016-11-19",2019-07-30 14:33:44,2019-07-30 14:33:44
211,X5,Hatchback,BMW,Red,"2018","182664.82","61017",F43207GXKU0C55684,"2018-09-24",2019-07-30 14:33:44,2019-07-30 14:33:44
212,MKS,SUV,Lincoln,Beige,"2015","414400.91","59129","2NHUQ5S89J0M28903","2017-04-13",2019-07-30 14:33:44,2019-07-30 14:33:44
213,Verano,SUV,Buick,Blue,"2017","217604.63","86864",XP3VRL5338B990562,"2019-02-25",2019-07-30 14:33:44,2019-07-30 14:33:44
214,A5,Hatchback,Audi,Orange,"2017","295772.95","58555","49FWW410P40837838","2018-12-09",2019-07-30 14:33:44,2019-07-30 14:33:44
215,MKZ,Passenger Van,Lincoln,Yellow,"2017","292681.25","80316",X4225Z1EIE0S64185,"2016-07-30",2019-07-30 14:33:44,2019-07-30 14:33:44
216,M5,Minivan,BMW,White,"2019","259111.13","63840","695302A81Q0193751","2018-09-30",2019-07-30 14:33:44,2019-07-30 14:33:44
217,LaCrosse,SUV,Buick,Blue,"2015","401897.87","81390","9ESS2H2L6E0645305","2017-09-06",2019-07-30 14:33:44,2019-07-30 14:33:44
218,Pathfiner,Minivan,Nissan,Grey,"2016","272856.35","59529",F1C3CUJXYSF947711,"2018-02-06",2019-07-30 14:33:44,2019-07-30 14:33:44
219,Challenger,SUV,Dodge,White,"2018","465783.95","50402",U8R0S5HX190O66854,"2019-02-28",2019-07-30 14:33:44,2019-07-30 14:33:44
220,Silverado,Wagon,Chevy,Green,"2015","259191.51","71226",JC4XO95P5ZL121884,"2016-02-04",2019-07-30 14:33:44,2019-07-30 14:33:44
221,A8,Wagon,Audi,Beige,"2017","200876.16","89552","0591H63Z3Z0A91506","2017-11-30",2019-07-30 14:33:44,2019-07-30 14:33:44
222,Charger,Cargo Van,Dodge,Yellow,"2018","282670.70","70348",W825F981U60466559,"2018-04-15",2019-07-30 14:33:44,2019-07-30 14:33:44
223,X3,Coupe,BMW,Grey,"2018","222741.29","57554",H747X719UU0O62787,"2015-04-17",2019-07-30 14:33:44,2019-07-30 14:33:44
224,Silverado,SUV,Chevy,Orange,"2018","419735.55","82380",IBI7D00JPMOC93383,"2016-11-17",2019-07-30 14:33:44,2019-07-30 14:33:44
225,Cube,Minivan,Nissan,Red,"2016","335190.27","80134","331N9L8291CN66878","2018-02-20",2019-07-30 14:33:44,2019-07-30 14:33:44
226,Accord,Wagon,Honda,Green,"2014","472997.01","84348","19F79ZFOL1PR61751","2015-04-02",2019-07-30 14:33:44,2019-07-30 14:33:44
227,A7,Sedan,Audi,Violet,"2016","270173.02","60407",VURC52617KV480353,"2019-06-01",2019-07-30 14:33:44,2019-07-30 14:33:44
228,X1,SUV,BMW,Orange,"2016","159812.63","61853",A689J2XV6Q0683290,"2015-03-04",2019-07-30 14:33:44,2019-07-30 14:33:44
229,Camry,Coupe,Toyota,Blue,"2017","438455.54","77823",VDQ9Q4ACM0XJ34636,"2016-10-05",2019-07-30 14:33:44,2019-07-30 14:33:44
230,F150,Crew Cab Pickup,Ford,White,"2017","378651.32","71678",GI3L3B27880186043,"2018-02-09",2019-07-30 14:33:44,2019-07-30 14:33:44
231,Challenger,Extended Cab Pickup,Dodge,Violet,"2018","401120.31","76734",M8563AD8010971890,"2016-05-12",2019-07-30 14:33:44,2019-07-30 14:33:44
232,Camero,Extended Cab Pickup,Chevy,Grey,"2018","104979.74","65439","0NGWNT1L28FR82494","2018-05-11",2019-07-30 14:33:44,2019-07-30 14:33:44
233,X5,Passenger Van,BMW,Violet,"2015","348757.31","65140",ETJ1VCJZV80J37858,"2019-04-14",2019-07-30 14:33:44,2019-07-30 14:33:44
234,X5,Wagon,BMW,Blue,"2018","475347.89","77179",MW551A6641C267410,"2018-03-24",2019-07-30 14:33:44,2019-07-30 14:33:44
235,Durango,Extended Cab Pickup,Dodge,Grey,"2018","421912.54","82620",V3U9VYC4340937303,"2018-04-09",2019-07-30 14:33:44,2019-07-30 14:33:44
236,Encore,Cargo Van,Buick,Blue,"2016","256580.13","54683",O7K9DL92B90X88915,"2016-06-15",2019-07-30 14:33:44,2019-07-30 14:33:44
237,Regal,Coupe,Buick,Yellow,"2016","180115.18","83209","5H4DE96G55U183784","2014-08-22",2019-07-30 14:33:44,2019-07-30 14:33:44
238,F150,Convertible,Ford,Black,"2014","489702.43","69844",PU23GWQOD7NI95181,"2015-04-21",2019-07-30 14:33:44,2019-07-30 14:33:44
239,Altima,Regular Cab Pickup,Nissan,Beige,"2016","173471.34","54979","73U6E2E7900O67909","2015-03-23",2019-07-30 14:33:44,2019-07-30 14:33:44
240,Encore,Coupe,Buick,Orange,"2015","361587.12","66183","20CQ49Z0E80T80860","2014-10-26",2019-07-30 14:33:44,2019-07-30 14:33:44
241,S5,SUV,Audi,White,"2016","378842.58","82043","807V74LC41Z950372","2018-10-31",2019-07-30 14:33:44,2019-07-30 14:33:44
242,Malibu,Cargo Van,Chevy,White,"2017","286889.15","68637","4337024H24OE65703","2018-07-30",2019-07-30 14:33:44,2019-07-30 14:33:44
243,Camry,Regular Cab Pickup,Toyota,Beige,"2018","489126.02","76328",TRPX251TX9M791717,"2016-03-03",2019-07-30 14:33:44,2019-07-30 14:33:44
244,Rogue,SUV,Nissan,White,"2017","321114.03","80961","5A114L7A7C0R50161","2019-03-29",2019-07-30 14:33:44,2019-07-30 14:33:44
245,Cube,Extended Cab Pickup,Nissan,Beige,"2015","122623.70","56759",N3JWBI5U48S273531,"2018-09-15",2019-07-30 14:33:44,2019-07-30 14:33:44
246,Camry,Minivan,Toyota,Green,"2018","381894.24","59158",FPIW33OQ5M0133920,"2015-11-08",2019-07-30 14:33:44,2019-07-30 14:33:44
247,A7,Passenger Van,Audi,Green,"2015","437644.33","70191",F35A9SRS36P669127,"2017-07-07",2019-07-30 14:33:44,2019-07-30 14:33:44
248,F150,Regular Cab Pickup,Ford,Orange,"2015","269070.78","76015",X1BCC9Z8710U74430,"2019-01-30",2019-07-30 14:33:44,2019-07-30 14:33:44
249,A5,Sedan,Audi,Yellow,"2015","112753.75","81350","95UD93SV12QR55705","2019-04-25",2019-07-30 14:33:44,2019-07-30 14:33:44
250,Silverado,Crew Cab Pickup,Chevy,Black,"2018","404568.61","72771",C0NZK1Y1E60775136,"2014-10-19",2019-07-30 14:33:44,2019-07-30 14:33:44
251,Quaerat voluptatem deserunt. Rerum quia voluptate. Con.,Cargo Van,Chevy,Black,"2018","105386.96","68770",P0V97Y9U20A522764,"2018-11-03",2019-07-30 14:33:54,2019-07-30 14:33:54
252,Labore sequi amet. Culpa minima quas. Temporibus dicta.,Wagon,Lincoln,Black,"2015","205851.48","82254",L2S4CK3D810185020,"2015-02-13",2019-07-30 14:33:54,2019-07-30 14:33:54
253,Consequatur odit non. Qui impedit ut. Iure ratione mai.,Cargo Van,Nissan,Blue,"2018","321565.85","87625","1OKWG574IL0597769","2015-08-15",2019-07-30 14:33:54,2019-07-30 14:33:54
254,Accusantium ex et. Qui provident sequi. Sit eaque id. .,Crew Cab Pickup,Lincoln,Violet,"2017","297817.91","80870","8PN8586EL30566247","2017-10-11",2019-07-30 14:33:54,2019-07-30 14:33:54
255,Aliquid voluptas quia. Quasi eum in. Recusandae ea lab.,Extended Cab Pickup,Dodge,Grey,"2017","336020.91","57915",PPH4TI955R0318228,"2016-02-01",2019-07-30 14:33:54,2019-07-30 14:33:54
256,Odit velit perspiciatis. Dolorem id nisi. Voluptatem r.,Passenger Van,Ford,Violet,"2018","341516.37","58403","8367663QH60931573","2018-07-31",2019-07-30 14:33:54,2019-07-30 14:33:54
257,Inventore voluptas error. Qui veniam facere. Id cumque.,Hatchback,Nissan,Black,"2017","478439.83","74120",EFJS1631J4U779690,"2016-07-30",2019-07-30 14:33:54,2019-07-30 14:33:54
258,Veniam quis sunt. Quod laudantium facilis. Eveniet qua.,Coupe,Lincoln,Orange,"2014","367771.94","53994",X4245T93X90F51417,"2016-07-02",2019-07-30 14:33:54,2019-07-30 14:33:54
259,Quia non sunt. Aut saepe ea. Porro sit est. Quis aut b.,SUV,Toyota,White,"2017","428217.59","79500","82RIBF0KF8U372385","2018-11-24",2019-07-30 14:33:54,2019-07-30 14:33:54
260,Eius quidem esse. Nostrum enim vel. Voluptatem sequi v.,Hatchback,Toyota,Red,"2019","286954.55","85810","4EO7P482U2XB54801","2017-04-14",2019-07-30 14:33:54,2019-07-30 14:33:54
261,Fiesta,Accusamus ut doloremque. Ea non magnam. Voluptatibus e.,Ford,Red,"2015","262723.13","64985",WM248R7QJGJ629770,"2014-12-29",2019-07-30 14:33:54,2019-07-30 14:33:54
262,Prius,Optio placeat maiores. Est quia qui. Dolor maiores in..,Toyota,Orange,"2019","446416.05","62210","905ZIOE1Q50A65226","2015-05-10",2019-07-30 14:33:54,2019-07-30 14:33:54
263,Camero,Velit sunt mollitia. Omnis sit earum. Voluptate volupt.,Chevy,Green,"2016","350621.60","77997","0M07MPL0390F65554","2016-09-10",2019-07-30 14:33:54,2019-07-30 14:33:54
264,Navigator,Distinctio cumque eos. Ad et voluptatem. Expedita dolo.,Lincoln,Blue,"2018","342240.26","54042",MIJ2FDH3EJ0813751,"2019-05-13",2019-07-30 14:33:54,2019-07-30 14:33:54
265,Accord,Repudiandae est labore. Itaque beatae nostrum. Omnis d.,Honda,Blue,"2019","373170.23","69100","45T56TI7J1G605514","2019-06-30",2019-07-30 14:33:54,2019-07-30 14:33:54
266,Regal,Aspernatur vel aliquam. Qui architecto vel. Illo enim .,Buick,White,"2019","331865.96","68510","8RWF53913W0J39767","2017-08-16",2019-07-30 14:33:54,2019-07-30 14:33:54
267,Silverado,Dolor ut officia. Distinctio ullam reiciendis. Vel asp.,Chevy,Red,"2014","201659.73","64227",AKEX5207A50020322,"2017-09-06",2019-07-30 14:33:54,2019-07-30 14:33:54
268,Cube,Dolor quos architecto. Sed temporibus aut. Voluptate v.,Nissan,Beige,"2014","111154.56","89103",SWO13K73870706410,"2017-05-24",2019-07-30 14:33:54,2019-07-30 14:33:54
269,Civic,Nihil est ut. Laudantium voluptatem officia. Amet quis.,Honda,Black,"2014","258346.89","74045",L6382A3O600E48518,"2017-04-28",2019-07-30 14:33:54,2019-07-30 14:33:54
270,Focus,Beatae qui ducimus. Sint quia labore. Magni vel accusa.,Ford,Violet,"2016","352815.39","58572",IN8218D0CD0496688,"2016-11-20",2019-07-30 14:33:54,2019-07-30 14:33:54
271,MKS,Regular Cab Pickup,Lincoln,Orange,IMUd,"310270.49","64343","063EY54E8W0W40470","2015-12-09",2019-07-30 14:33:54,2019-07-30 14:33:54
272,Camero,Coupe,Chevy,Black,FUvQ,"429190.46","88388","9Q3GL8C7MU0X45515","2015-05-11",2019-07-30 14:33:54,2019-07-30 14:33:54
273,Enclave,Regular Cab Pickup,Buick,Orange,EmXw,"215053.37","68403","7L4K1T5H9NI537184","2018-05-13",2019-07-30 14:33:54,2019-07-30 14:33:54
274,F150,Cargo Van,Ford,Grey,fHiA,"373439.75","56178","0OE5Q0YY59K705748","2018-12-17",2019-07-30 14:33:54,2019-07-30 14:33:54
275,Mustang,Passenger Van,Ford,Orange,dgVF,"282544.09","51188",K81S452195K553631,"2014-11-04",2019-07-30 14:33:54,2019-07-30 14:33:54
276,M5,Passenger Van,BMW,Red,EDBu,"441411.86","53759","52NJQ3LAX2WP59480","2019-01-27",2019-07-30 14:33:54,2019-07-30 14:33:54
277,LaCrosse,Passenger Van,Buick,Beige,ZLzg,"389221.94","61836","2U35E4O78IT237839","2019-05-02",2019-07-30 14:33:54,2019-07-30 14:33:54
278,F150,Regular Cab Pickup,Ford,Yellow,NMsW,"494158.24","61490",S8Y9R4B4360G53952,"2019-01-09",2019-07-30 14:33:54,2019-07-30 14:33:54
279,Challenger,Passenger Van,Dodge,Blue,WdIW,"464245.98","85603","1PWWQR2XN70080983","2016-10-24",2019-07-30 14:33:54,2019-07-30 14:33:54
280,A4,Regular Cab Pickup,Audi,Yellow,MKFD,"337922.56","78506",WEIFM6E89HP750288,"2017-11-28",2019-07-30 14:33:54,2019-07-30 14:33:54
281,MKZ,Coupe,Lincoln,Beige,"2018",DKqVp,"59578","66G8O95E320X87220","2016-11-14",2019-07-30 14:33:54,2019-07-30 14:33:54
282,F150,Coupe,Ford,Blue,"2017",TgaOY,"80217","5C56UN3H2J0G92341","2016-10-05",2019-07-30 14:33:54,2019-07-30 14:33:54
283,MKX,Sedan,Lincoln,Beige,"2017",ajwoF,"78709",W0ZJEL0TUD0Q77921,"2017-08-12",2019-07-30 14:33:54,2019-07-30 14:33:54
284,Camero,Hatchback,Chevy,Beige,"2019",mcxIF,"71899",IRS8DKLLP60176013,"2018-05-25",2019-07-30 14:33:54,2019-07-30 14:33:54
285,A8,Cargo Van,Audi,Orange,"2017",WBMKc,"87313","7314D62J4W0O95287","2015-07-31",2019-07-30 14:33:54,2019-07-30 14:33:54
286,Camero,Convertible,Chevy,Grey,"2017",FrTZW,"87986","4035IE1I2P0B36223","2019-03-29",2019-07-30 14:33:54,2019-07-30 14:33:54
287,Malibu,Coupe,Chevy,Black,"2014",AgQgy,"70375",U3A9342HB5WK03001,"2017-06-27",2019-07-30 14:33:54,2019-07-30 14:33:54
288,A5,Sedan,Audi,Beige,"2015",oAStz,"62479",W9Y75Z4AKDYA52251,"2018-01-27",2019-07-30 14:33:54,2019-07-30 14:33:54
289,Cube,Wagon,Nissan,Beige,"2015",ZOlUL,"72445","13V4O540440052652","2016-08-17",2019-07-30 14:33:54,2019-07-30 14:33:54
290,A5,SUV,Audi,Orange,"2016",RwBYT,"83615",B68P1279P7FC27960,"2017-01-11",2019-07-30 14:33:54,2019-07-30 14:33:54
291,Ram,Coupe,Dodge,Orange,"2015","259469.10","80129",xgs02mtzwhel38709,"2016-04-29",2019-07-30 14:33:54,2019-07-30 14:33:54
292,Versa,Hatchback,Nissan,Red,"2019","454135.28","89757",l30uqbma9w0548049,"2019-07-12",2019-07-30 14:33:54,2019-07-30 14:33:54
293,Challenger,Coupe,Dodge,Yellow,"2018","450201.26","78651",yoki0y5k420551835,"2017-05-27",2019-07-30 14:33:54,2019-07-30 14:33:54
294,Charger,Coupe,Dodge,Violet,"2018","333461.94","56924","7syd6hcx190803056","2014-08-18",2019-07-30 14:33:54,2019-07-30 14:33:54
295,Durango,Crew Cab Pickup,Dodge,White,"2018","141334.31","71868","57y48i04ioxu08357","2018-04-07",2019-07-30 14:33:54,2019-07-30 14:33:54
296,X5,Convertible,BMW,Black,"2016","466578.21","73173","1loy5vqkegrj31372","2015-04-20",2019-07-30 14:33:54,2019-07-30 14:33:54
297,Navigator,Cargo Van,Lincoln,Grey,"2016","276934.94","83307",lk6igf2v6amp21355,"2015-11-10",2019-07-30 14:33:54,2019-07-30 14:33:54
298,Charger,Regular Cab Pickup,Dodge,Beige,"2016","264214.26","55742","166537put6w450209","2019-05-31",2019-07-30 14:33:54,2019-07-30 14:33:54
299,Charger,Convertible,Dodge,Orange,"2018","276521.40","80467",ci941u23pgn949331,"2018-12-13",2019-07-30 14:33:54,2019-07-30 14:33:54
300,X3,SUV,BMW,Beige,"2017","168064.01","63422","4w6963x873s985335","2019-07-23",2019-07-30 14:33:54,2019-07-30 14:33:54
301,Ram,Cargo Van,Dodge,Yellow,"2016","305235.80","89747",KD7FH6N3LL0H27627,,2019-07-30 14:33:54,2019-07-30 14:33:54
302,MKZ,Crew Cab Pickup,Lincoln,Beige,"2018","202455.80","81340",I8FD2714C5V054240,,2019-07-30 14:33:54,2019-07-30 14:33:54
303,MKZ,Minivan,Lincoln,Blue,"2017","277650.65","59315","1HFFFG2NL10Z79204",,2019-07-30 14:33:54,2019-07-30 14:33:54
304,Charger,Crew Cab Pickup,Dodge,Grey,"2019","350029.68","54576",ZB299DDW590937293,,2019-07-30 14:33:54,2019-07-30 14:33:54
305,MKS,Crew Cab Pickup,Lincoln,Orange,"2019","403120.25","65312","4842HS9NWI0875228",,2019-07-30 14:33:54,2019-07-30 14:33:54
306,M3,Convertible,BMW,White,"2015","314060.76","66353",AHMHHQ1611NU53216,,2019-07-30 14:33:54,2019-07-30 14:33:54
307,X1,SUV,BMW,Yellow,"2016","131953.65","63866","32GJW6350Q0052938",,2019-07-30 14:33:54,2019-07-30 14:33:54
308,Charger,Coupe,Dodge,Yellow,"2015","439148.87","85485",V94LE2880A0T38270,,2019-07-30 14:33:54,2019-07-30 14:33:54
309,Charger,Crew Cab Pickup,Dodge,Violet,"2016","315734.79","86976","3AK516LK120613865",,2019-07-30 14:33:54,2019-07-30 14:33:54
310,MKZ,Crew Cab Pickup,Lincoln,Black,"2017","146056.09","51746","1Y69K4E6860Q66338",,2019-07-30 14:33:54,2019-07-30 14:33:54
