"id","client_name","status","due_date","payment_date","amount","created_at","updated_at"
1,Nathan Waelchi,payed,"2016-02-23","2016-02-21","9309.53",2019-07-30 14:33:46,2019-07-30 14:33:46
2,Mrs. Mia Gottlieb,paying,"2016-10-20","2016-10-15","8984.35",2019-07-30 14:33:46,2019-07-30 14:33:46
3,Gavin Dach DDS,payed,"2019-01-26","2019-01-25","5346.20",2019-07-30 14:33:46,2019-07-30 14:33:46
4,Janeen Paucek MD,paying,"2018-04-04","2018-03-30","3015.54",2019-07-30 14:33:46,2019-07-30 14:33:46
5,Mason McGlynn I,payed,"2014-11-09","2014-11-06","5106.89",2019-07-30 14:33:46,2019-07-30 14:33:46
6,Marissa Schinner,paying,"2016-09-06","2016-09-02","5214.70",2019-07-30 14:33:46,2019-07-30 14:33:46
7,Roselle Ryan,payed,"2018-05-02","2018-04-28","8441.18",2019-07-30 14:33:46,2019-07-30 14:33:46
8,Kieth Howell Sr.,payed,"2018-06-18","2018-06-18","5120.26",2019-07-30 14:33:46,2019-07-30 14:33:46
9,Roni Barrows,cancelled,"2017-10-21","2017-10-19","9736.60",2019-07-30 14:33:46,2019-07-30 14:33:46
10,Roland Marquardt DVM,cancelled,"2018-03-19","2018-03-18","3946.94",2019-07-30 14:33:46,2019-07-30 14:33:46
11,Brigitte Hyatt,payed,"2014-08-14","2014-08-09","7277.38",2019-07-30 14:33:46,2019-07-30 14:33:46
12,Rhona Blick,cancelled,"2016-04-13","2016-04-06","5137.37",2019-07-30 14:33:46,2019-07-30 14:33:46
13,Jonah Bosco,payed,"2016-10-25","2016-10-24","8140.38",2019-07-30 14:33:46,2019-07-30 14:33:46
14,Delora Wolf,payed,"2014-09-21","2014-09-15","3551.54",2019-07-30 14:33:46,2019-07-30 14:33:46
15,Corey Turcotte,paying,"2018-12-14","2018-12-09","5628.89",2019-07-30 14:33:46,2019-07-30 14:33:46
16,Rodrigo Grimes V,cancelled,"2016-07-14","2016-07-13","4349.91",2019-07-30 14:33:46,2019-07-30 14:33:46
17,Emerita Ferry,payed,"2015-05-13","2015-05-08","5892.78",2019-07-30 14:33:46,2019-07-30 14:33:46
18,Carmelo Raynor III,paying,"2016-04-21","2016-04-17","3249.29",2019-07-30 14:33:46,2019-07-30 14:33:46
19,Mrs. Annamae Borer,payed,"2018-11-08","2018-11-06","3360.94",2019-07-30 14:33:46,2019-07-30 14:33:46
20,Yvone Wolff,cancelled,"2018-03-20","2018-03-15","3945.07",2019-07-30 14:33:46,2019-07-30 14:33:46
21,Michale Corwin,paying,"2015-03-28","2015-03-22","9842.97",2019-07-30 14:33:46,2019-07-30 14:33:46
22,Keira Reinger DDS,cancelled,"2018-07-17","2018-07-12","6099.81",2019-07-30 14:33:46,2019-07-30 14:33:46
23,Phillip Pfannerstill,cancelled,"2014-12-10","2014-12-07","8085.16",2019-07-30 14:33:46,2019-07-30 14:33:46
24,Etha Sawayn DDS,paying,"2017-11-25","2017-11-19","3128.04",2019-07-30 14:33:46,2019-07-30 14:33:46
25,Cami Daniel,payed,"2018-06-15","2018-06-15","9060.08",2019-07-30 14:33:46,2019-07-30 14:33:46
26,Virgil Rosenbaum,payed,"2018-11-20","2018-11-17","5526.83",2019-07-30 14:33:46,2019-07-30 14:33:46
27,Tora Schroeder,payed,"2018-12-17","2018-12-11","7502.13",2019-07-30 14:33:46,2019-07-30 14:33:46
28,Sal Schmidt,cancelled,"2018-08-11","2018-08-06","9831.79",2019-07-30 14:33:46,2019-07-30 14:33:46
29,Jed Marks,cancelled,"2019-03-07","2019-03-05","8905.49",2019-07-30 14:33:46,2019-07-30 14:33:46
30,Asha Graham,cancelled,"2014-12-09","2014-12-07","3429.21",2019-07-30 14:33:46,2019-07-30 14:33:46
31,Shawnda Lynch III,payed,"2016-12-12","2016-12-12","6535.66",2019-07-30 14:33:46,2019-07-30 14:33:46
32,Miss Marty Yost,cancelled,"2016-04-18","2016-04-14","8804.02",2019-07-30 14:33:46,2019-07-30 14:33:46
33,Alfredia Beier,paying,"2014-09-17","2014-09-16","3458.14",2019-07-30 14:33:46,2019-07-30 14:33:46
34,Dr. Arden Sawayn,paying,"2017-01-17","2017-01-16","7054.04",2019-07-30 14:33:46,2019-07-30 14:33:46
35,Odette Bradtke,paying,"2016-11-15","2016-11-08","8324.07",2019-07-30 14:33:46,2019-07-30 14:33:46
36,Mercy Rodriguez,paying,"2017-04-13","2017-04-10","5318.54",2019-07-30 14:33:46,2019-07-30 14:33:46
37,Kieth Dietrich,cancelled,"2018-08-29","2018-08-26","4555.60",2019-07-30 14:33:46,2019-07-30 14:33:46
38,Joshua Okuneva,paying,"2018-02-04","2018-02-02","5806.13",2019-07-30 14:33:46,2019-07-30 14:33:46
39,Wilbert MacGyver,paying,"2017-06-30","2017-06-23","3652.76",2019-07-30 14:33:46,2019-07-30 14:33:46
40,Ms. Dee Rippin,payed,"2018-09-30","2018-09-29","3637.07",2019-07-30 14:33:46,2019-07-30 14:33:46
41,Mrs. Celia Konopelski,cancelled,"2017-06-07","2017-06-06","5058.42",2019-07-30 14:33:46,2019-07-30 14:33:46
42,Moises Hodkiewicz I,cancelled,"2015-06-18","2015-06-13","5230.86",2019-07-30 14:33:46,2019-07-30 14:33:46
43,Ms. Contessa Koch,paying,"2017-07-18","2017-07-11","9729.03",2019-07-30 14:33:46,2019-07-30 14:33:46
44,Yael Thiel,paying,"2017-04-22","2017-04-16","9701.02",2019-07-30 14:33:46,2019-07-30 14:33:46
45,Bennie Toy,cancelled,"2018-06-19","2018-06-13","4308.14",2019-07-30 14:33:46,2019-07-30 14:33:46
46,Abel Weber,cancelled,"2018-03-20","2018-03-19","6919.28",2019-07-30 14:33:46,2019-07-30 14:33:46
47,Charlene O'Conner V,payed,"2015-04-04","2015-04-01","5433.69",2019-07-30 14:33:46,2019-07-30 14:33:46
48,Melinda Balistreri,cancelled,"2015-03-01","2015-02-25","9096.62",2019-07-30 14:33:46,2019-07-30 14:33:46
49,Sharla Heathcote,cancelled,"2015-06-01","2015-05-28","4138.71",2019-07-30 14:33:46,2019-07-30 14:33:46
50,Mrs. Ali Hartmann,payed,"2015-10-19","2015-10-17","3324.69",2019-07-30 14:33:46,2019-07-30 14:33:46
51,Dr. Belia Wilkinson,payed,"2019-03-13","2019-03-07","9694.20",2019-07-30 14:33:46,2019-07-30 14:33:46
52,Maurice Runolfsdottir,cancelled,"2016-03-14","2016-03-12","8051.19",2019-07-30 14:33:46,2019-07-30 14:33:46
53,Jason Mertz,payed,"2017-06-25","2017-06-20","5768.04",2019-07-30 14:33:46,2019-07-30 14:33:46
54,Jayson Denesik,cancelled,"2017-03-14","2017-03-08","6011.07",2019-07-30 14:33:46,2019-07-30 14:33:46
55,Tory Hammes,cancelled,"2017-02-12","2017-02-09","3234.26",2019-07-30 14:33:46,2019-07-30 14:33:46
56,Jacob Connelly,paying,"2018-07-08","2018-07-05","6323.28",2019-07-30 14:33:46,2019-07-30 14:33:46
57,Mrs. Annalisa Bogisich,payed,"2019-02-16","2019-02-11","6294.70",2019-07-30 14:33:46,2019-07-30 14:33:46
58,Mrs. Valrie Durgan,cancelled,"2017-09-18","2017-09-15","8982.16",2019-07-30 14:33:46,2019-07-30 14:33:46
59,Harley McClure,payed,"2019-04-08","2019-04-08","4894.33",2019-07-30 14:33:46,2019-07-30 14:33:46
60,Mr. Gwenda Champlin,payed,"2016-02-15","2016-02-14","6476.69",2019-07-30 14:33:46,2019-07-30 14:33:46
61,Russell Lynch,cancelled,"2017-01-24","2017-01-20","8751.97",2019-07-30 14:33:46,2019-07-30 14:33:46
62,Edwardo Schuppe,paying,"2019-04-14","2019-04-10","8858.70",2019-07-30 14:33:46,2019-07-30 14:33:46
63,Dr. Marlen Sporer,payed,"2016-04-24","2016-04-19","8795.69",2019-07-30 14:33:46,2019-07-30 14:33:46
64,Haywood Koelpin,payed,"2015-06-19","2015-06-14","5459.43",2019-07-30 14:33:46,2019-07-30 14:33:46
65,Victor Johns,paying,"2019-01-03","2018-12-29","4745.53",2019-07-30 14:33:46,2019-07-30 14:33:46
66,Carey Little,cancelled,"2019-02-14","2019-02-07","6718.81",2019-07-30 14:33:46,2019-07-30 14:33:46
67,Fletcher Williamson,cancelled,"2015-12-16","2015-12-10","8209.33",2019-07-30 14:33:46,2019-07-30 14:33:46
68,Sherwood Collier,paying,"2018-01-20","2018-01-15","6018.37",2019-07-30 14:33:46,2019-07-30 14:33:46
69,Sherly Berge,cancelled,"2018-11-18","2018-11-13","8928.25",2019-07-30 14:33:46,2019-07-30 14:33:46
70,Maddie Keebler,cancelled,"2015-07-07","2015-07-03","4794.67",2019-07-30 14:33:46,2019-07-30 14:33:46
71,Alta Mraz,payed,"2016-05-31","2016-05-31","3617.95",2019-07-30 14:33:46,2019-07-30 14:33:46
72,Lee Schuster,payed,"2019-05-08","2019-05-07","4141.56",2019-07-30 14:33:46,2019-07-30 14:33:46
73,Olive McClure,cancelled,"2015-11-13","2015-11-10","8762.34",2019-07-30 14:33:46,2019-07-30 14:33:46
74,Odell Rippin,cancelled,"2016-08-31","2016-08-24","3750.52",2019-07-30 14:33:46,2019-07-30 14:33:46
75,Anisa Quitzon,payed,"2015-11-06","2015-10-30","6833.57",2019-07-30 14:33:46,2019-07-30 14:33:46
76,Mrs. Kasey Yost,paying,"2019-04-27","2019-04-22","7486.88",2019-07-30 14:33:46,2019-07-30 14:33:46
77,Cleo Fisher,cancelled,"2019-01-10","2019-01-07","9090.92",2019-07-30 14:33:46,2019-07-30 14:33:46
78,Cody Funk,paying,"2016-09-02","2016-08-28","3216.19",2019-07-30 14:33:46,2019-07-30 14:33:46
79,Kurtis Hegmann,paying,"2016-01-15","2016-01-12","6083.23",2019-07-30 14:33:46,2019-07-30 14:33:46
80,Coretta Osinski,cancelled,"2017-06-05","2017-05-31","6830.88",2019-07-30 14:33:46,2019-07-30 14:33:46
81,Stacy Hettinger,payed,"2017-07-09","2017-07-08","5628.62",2019-07-30 14:33:46,2019-07-30 14:33:46
82,Drucilla Thiel,cancelled,"2019-01-02","2018-12-30","5656.93",2019-07-30 14:33:46,2019-07-30 14:33:46
83,Agustin Hamill,paying,"2015-01-22","2015-01-20","3903.19",2019-07-30 14:33:46,2019-07-30 14:33:46
84,Ernest Russel DDS,payed,"2018-04-28","2018-04-23","9256.34",2019-07-30 14:33:46,2019-07-30 14:33:46
85,Angel Satterfield,cancelled,"2015-05-25","2015-05-20","8554.96",2019-07-30 14:33:46,2019-07-30 14:33:46
86,Fredrick Ernser,cancelled,"2015-01-21","2015-01-14","5770.20",2019-07-30 14:33:46,2019-07-30 14:33:46
87,Norberto Rau,payed,"2017-07-19","2017-07-15","5502.31",2019-07-30 14:33:46,2019-07-30 14:33:46
88,Mr. Sommer Kreiger,payed,"2016-11-12","2016-11-05","3350.94",2019-07-30 14:33:46,2019-07-30 14:33:46
89,Troy Glover II,paying,"2016-06-03","2016-06-03","4361.36",2019-07-30 14:33:46,2019-07-30 14:33:46
90,Mario Stokes V,cancelled,"2015-06-24","2015-06-22","3428.64",2019-07-30 14:33:46,2019-07-30 14:33:46
91,Mrs. Bradly Mayer,payed,"2015-11-26","2015-11-23","7562.51",2019-07-30 14:33:46,2019-07-30 14:33:46
92,Ms. Porter Bruen,paying,"2016-09-16","2016-09-12","3813.66",2019-07-30 14:33:46,2019-07-30 14:33:46
93,Chassidy White PhD,paying,"2016-01-28","2016-01-23","7557.45",2019-07-30 14:33:46,2019-07-30 14:33:46
94,Augustine Kertzmann,cancelled,"2017-08-30","2017-08-30","7062.87",2019-07-30 14:33:46,2019-07-30 14:33:46
95,Sanda Green,cancelled,"2016-11-05","2016-11-02","9636.59",2019-07-30 14:33:46,2019-07-30 14:33:46
96,Minh Johnson Sr.,paying,"2018-03-01","2018-02-28","6258.61",2019-07-30 14:33:46,2019-07-30 14:33:46
97,Kari Watsica II,cancelled,"2016-01-04","2015-12-30","5353.09",2019-07-30 14:33:46,2019-07-30 14:33:46
98,Osvaldo Koepp IV,paying,"2016-05-16","2016-05-14","4733.34",2019-07-30 14:33:46,2019-07-30 14:33:46
99,Earlie Blanda,payed,"2016-06-06","2016-06-04","5707.52",2019-07-30 14:33:46,2019-07-30 14:33:46
100,Marcie McClure,cancelled,"2017-08-10","2017-08-10","6682.58",2019-07-30 14:33:46,2019-07-30 14:33:46
101,Colleen Swaniawski,payed,"2017-05-12","2017-05-10","9832.90",2019-07-30 14:33:46,2019-07-30 14:33:46
102,Emilee Breitenberg,payed,"2017-07-26","2017-07-24","3110.12",2019-07-30 14:33:46,2019-07-30 14:33:46
103,Alexander Walker,payed,"2015-12-26","2015-12-24","4100.40",2019-07-30 14:33:46,2019-07-30 14:33:46
104,Arnulfo Lockman,cancelled,"2018-11-20","2018-11-20","9825.84",2019-07-30 14:33:46,2019-07-30 14:33:46
105,Sandee Swift,cancelled,"2016-07-17","2016-07-14","6385.16",2019-07-30 14:33:46,2019-07-30 14:33:46
106,Mrs. Jamika Sawayn,cancelled,"2015-12-08","2015-12-06","7654.23",2019-07-30 14:33:46,2019-07-30 14:33:46
107,Ronnie Grimes,paying,"2019-07-05","2019-07-01","3534.09",2019-07-30 14:33:46,2019-07-30 14:33:46
108,Jerome Schuppe,payed,"2016-01-17","2016-01-11","3868.81",2019-07-30 14:33:46,2019-07-30 14:33:46
109,Lucius Parker,payed,"2014-11-26","2014-11-23","3670.38",2019-07-30 14:33:46,2019-07-30 14:33:46
110,Cira Schaden,payed,"2015-07-16","2015-07-09","7295.81",2019-07-30 14:33:46,2019-07-30 14:33:46
111,Vickie Larkin V,paying,"2018-10-10","2018-10-07","8639.64",2019-07-30 14:33:46,2019-07-30 14:33:46
112,Shirley Armstrong,payed,"2018-12-21","2018-12-21","6994.44",2019-07-30 14:33:46,2019-07-30 14:33:46
113,Ok Rowe,paying,"2015-08-22","2015-08-17","7693.60",2019-07-30 14:33:46,2019-07-30 14:33:46
114,Gema Greenfelder,payed,"2018-08-01","2018-07-27","4654.84",2019-07-30 14:33:46,2019-07-30 14:33:46
115,Mr. Wilfredo Nikolaus,paying,"2016-09-08","2016-09-08","8813.34",2019-07-30 14:33:46,2019-07-30 14:33:46
116,Gavin Cole,payed,"2017-05-12","2017-05-08","8888.97",2019-07-30 14:33:46,2019-07-30 14:33:46
117,Sebastian Metz,paying,"2016-12-13","2016-12-11","5938.79",2019-07-30 14:33:46,2019-07-30 14:33:46
118,Sylvester Cruickshank PhD,paying,"2015-11-30","2015-11-27","9395.10",2019-07-30 14:33:46,2019-07-30 14:33:46
119,Annice Christiansen,payed,"2016-07-22","2016-07-18","8323.85",2019-07-30 14:33:46,2019-07-30 14:33:46
120,Dr. Marlana Macejkovic,cancelled,"2017-12-12","2017-12-09","8352.52",2019-07-30 14:33:46,2019-07-30 14:33:46
121,Booker Buckridge,paying,"2015-01-09","2015-01-02","5655.00",2019-07-30 14:33:46,2019-07-30 14:33:46
122,Edgar Schaefer,payed,"2017-10-26","2017-10-19","9640.31",2019-07-30 14:33:46,2019-07-30 14:33:46
123,Lacy McClure,cancelled,"2015-02-17","2015-02-10","7683.10",2019-07-30 14:33:46,2019-07-30 14:33:46
124,Lynne Paucek Sr.,paying,"2017-10-17","2017-10-12","9710.98",2019-07-30 14:33:46,2019-07-30 14:33:46
125,Angelic Schinner,paying,"2015-12-31","2015-12-28","3619.99",2019-07-30 14:33:46,2019-07-30 14:33:46
126,Dr. Tanner Schmeler,payed,"2018-08-17","2018-08-11","4614.48",2019-07-30 14:33:46,2019-07-30 14:33:46
127,Rickie Schaden,payed,"2014-12-18","2014-12-16","6867.19",2019-07-30 14:33:46,2019-07-30 14:33:46
128,Mrs. Selma Wisozk,cancelled,"2016-11-01","2016-11-01","7229.39",2019-07-30 14:33:46,2019-07-30 14:33:46
129,Michelina Keebler,payed,"2015-09-10","2015-09-09","7995.06",2019-07-30 14:33:46,2019-07-30 14:33:46
130,Kelsey Witting PhD,paying,"2018-03-04","2018-03-04","9287.49",2019-07-30 14:33:46,2019-07-30 14:33:46
131,Eugenio Franecki,paying,"2017-11-28","2017-11-28","3678.96",2019-07-30 14:33:46,2019-07-30 14:33:46
132,Dong Frami V,paying,"2019-05-15","2019-05-13","9696.65",2019-07-30 14:33:46,2019-07-30 14:33:46
133,Ms. Ben Pfannerstill,payed,"2014-11-01","2014-11-01","5026.01",2019-07-30 14:33:46,2019-07-30 14:33:46
134,Johnathan Waters,paying,"2015-12-20","2015-12-13","8282.63",2019-07-30 14:33:46,2019-07-30 14:33:46
135,Vita Cremin,paying,"2017-03-05","2017-03-01","4622.40",2019-07-30 14:33:46,2019-07-30 14:33:46
136,Ross Corkery,paying,"2016-11-26","2016-11-24","8792.99",2019-07-30 14:33:46,2019-07-30 14:33:46
137,Theron Prosacco II,paying,"2017-06-03","2017-05-27","9627.29",2019-07-30 14:33:46,2019-07-30 14:33:46
138,Ms. Pura Walker,paying,"2018-08-27","2018-08-20","9036.71",2019-07-30 14:33:46,2019-07-30 14:33:46
139,Carley Schoen,payed,"2018-05-30","2018-05-29","5284.27",2019-07-30 14:33:46,2019-07-30 14:33:46
140,Dr. Carson Nolan,payed,"2016-12-04","2016-12-02","3357.26",2019-07-30 14:33:46,2019-07-30 14:33:46
141,Effie Keeling PhD,payed,"2016-08-24","2016-08-19","5833.18",2019-07-30 14:33:46,2019-07-30 14:33:46
142,Ashli Bashirian,cancelled,"2017-05-05","2017-05-04","5113.18",2019-07-30 14:33:46,2019-07-30 14:33:46
143,Mayola Rippin,payed,"2019-01-10","2019-01-07","9480.82",2019-07-30 14:33:46,2019-07-30 14:33:46
144,Porter Rohan,payed,"2014-10-12","2014-10-10","7582.55",2019-07-30 14:33:46,2019-07-30 14:33:46
145,Georgetta Gleason,paying,"2014-12-30","2014-12-27","4659.64",2019-07-30 14:33:46,2019-07-30 14:33:46
146,Mr. Glen O'Conner,paying,"2016-01-10","2016-01-04","4702.69",2019-07-30 14:33:46,2019-07-30 14:33:46
147,Marvin Mante,payed,"2017-04-10","2017-04-05","8768.20",2019-07-30 14:33:46,2019-07-30 14:33:46
148,Jake Jaskolski I,cancelled,"2015-12-21","2015-12-15","6213.81",2019-07-30 14:33:46,2019-07-30 14:33:46
149,Alonso Prosacco,paying,"2016-12-21","2016-12-14","7370.54",2019-07-30 14:33:46,2019-07-30 14:33:46
150,Cortney Fahey,paying,"2016-01-27","2016-01-20","3935.77",2019-07-30 14:33:46,2019-07-30 14:33:46
151,Darius Will,cancelled,"2014-09-02","2014-08-29","8122.90",2019-07-30 14:33:46,2019-07-30 14:33:46
152,Lasonya McKenzie,cancelled,"2015-08-30","2015-08-29","3475.84",2019-07-30 14:33:46,2019-07-30 14:33:46
153,Vaughn Koepp DVM,payed,"2018-02-10","2018-02-04","9006.93",2019-07-30 14:33:46,2019-07-30 14:33:46
154,Mr. Cedric Hegmann,paying,"2017-09-21","2017-09-21","4225.17",2019-07-30 14:33:46,2019-07-30 14:33:46
155,Pia Pagac,payed,"2018-11-04","2018-10-31","5262.75",2019-07-30 14:33:46,2019-07-30 14:33:46
156,Erin Mertz,paying,"2015-09-26","2015-09-21","6509.35",2019-07-30 14:33:46,2019-07-30 14:33:46
157,Larry Waelchi,cancelled,"2015-06-23","2015-06-18","7291.26",2019-07-30 14:33:46,2019-07-30 14:33:46
158,Palma Schaefer,paying,"2019-05-20","2019-05-20","9425.36",2019-07-30 14:33:46,2019-07-30 14:33:46
159,Abel Champlin I,cancelled,"2016-08-27","2016-08-20","5048.93",2019-07-30 14:33:46,2019-07-30 14:33:46
160,Nadia Lebsack,payed,"2018-09-18","2018-09-13","9870.23",2019-07-30 14:33:46,2019-07-30 14:33:46
161,Renita DuBuque,cancelled,"2018-01-05","2018-01-02","8059.37",2019-07-30 14:33:46,2019-07-30 14:33:46
162,Noe Lockman,paying,"2016-01-15","2016-01-09","3792.91",2019-07-30 14:33:46,2019-07-30 14:33:46
163,Winston Rempel,cancelled,"2016-10-09","2016-10-07","3872.13",2019-07-30 14:33:46,2019-07-30 14:33:46
164,Mr. Demetrius Schultz,paying,"2015-04-11","2015-04-04","5663.52",2019-07-30 14:33:46,2019-07-30 14:33:46
165,Jefferey Adams,cancelled,"2017-10-06","2017-10-02","8113.26",2019-07-30 14:33:46,2019-07-30 14:33:46
166,Sammy Schaefer,paying,"2017-01-29","2017-01-24","6841.96",2019-07-30 14:33:46,2019-07-30 14:33:46
167,Nancey Ziemann,cancelled,"2018-12-04","2018-12-04","8983.80",2019-07-30 14:33:46,2019-07-30 14:33:46
168,Jere Hermann,cancelled,"2017-04-15","2017-04-12","8251.11",2019-07-30 14:33:46,2019-07-30 14:33:46
169,Terrence Goyette,paying,"2019-05-16","2019-05-15","9575.33",2019-07-30 14:33:46,2019-07-30 14:33:46
170,Heidi Bergstrom Sr.,paying,"2017-05-27","2017-05-22","4876.45",2019-07-30 14:33:46,2019-07-30 14:33:46
171,Valeria Bruen,cancelled,"2019-03-08","2019-03-06","8501.63",2019-07-30 14:33:46,2019-07-30 14:33:46
172,Jarvis Medhurst IV,payed,"2018-01-10","2018-01-07","7393.18",2019-07-30 14:33:46,2019-07-30 14:33:46
173,Mrs. Hoa O'Hara,payed,"2018-11-28","2018-11-24","3012.03",2019-07-30 14:33:46,2019-07-30 14:33:46
174,Erline White,cancelled,"2015-12-04","2015-12-04","4876.61",2019-07-30 14:33:46,2019-07-30 14:33:46
175,Angella Klein,payed,"2016-06-15","2016-06-11","8916.71",2019-07-30 14:33:46,2019-07-30 14:33:46
176,Milan Anderson,payed,"2017-06-09","2017-06-06","3910.43",2019-07-30 14:33:46,2019-07-30 14:33:46
177,Kacey Howe,payed,"2017-08-07","2017-08-06","8454.26",2019-07-30 14:33:46,2019-07-30 14:33:46
178,Ethan Wisoky,cancelled,"2018-10-20","2018-10-16","5340.39",2019-07-30 14:33:46,2019-07-30 14:33:46
179,Tyra Anderson,payed,"2015-07-19","2015-07-13","9277.93",2019-07-30 14:33:46,2019-07-30 14:33:46
180,Monty Gulgowski,paying,"2018-08-22","2018-08-21","9166.98",2019-07-30 14:33:46,2019-07-30 14:33:46
181,Eliseo Nienow,payed,"2017-06-15","2017-06-08","6350.49",2019-07-30 14:33:46,2019-07-30 14:33:46
182,Angel Reichel,paying,"2016-07-12","2016-07-06","5965.10",2019-07-30 14:33:46,2019-07-30 14:33:46
183,Karl Upton I,payed,"2017-01-31","2017-01-25","8080.68",2019-07-30 14:33:46,2019-07-30 14:33:46
184,Geoffrey Franecki MD,paying,"2016-11-22","2016-11-20","7942.73",2019-07-30 14:33:46,2019-07-30 14:33:46
185,Mrs. Newton Lebsack,payed,"2015-09-04","2015-09-04","9609.32",2019-07-30 14:33:46,2019-07-30 14:33:46
186,Mack Lemke,cancelled,"2015-09-17","2015-09-11","9939.49",2019-07-30 14:33:46,2019-07-30 14:33:46
187,Kelvin Fay,payed,"2018-08-07","2018-08-05","9851.40",2019-07-30 14:33:46,2019-07-30 14:33:46
188,Miss Rusty Hermiston,payed,"2017-06-28","2017-06-21","3885.68",2019-07-30 14:33:46,2019-07-30 14:33:46
189,Ehtel Ledner,payed,"2017-05-09","2017-05-06","4136.99",2019-07-30 14:33:46,2019-07-30 14:33:46
190,Wilber Rippin,cancelled,"2017-05-10","2017-05-06","8406.68",2019-07-30 14:33:46,2019-07-30 14:33:46
191,Denyse Nader,paying,"2016-11-19","2016-11-18","4179.52",2019-07-30 14:33:46,2019-07-30 14:33:46
192,Wilburn Harvey,cancelled,"2017-10-06","2017-10-05","8834.34",2019-07-30 14:33:46,2019-07-30 14:33:46
193,Naida Streich II,payed,"2019-01-16","2019-01-12","4468.28",2019-07-30 14:33:46,2019-07-30 14:33:46
194,Orville Grimes,payed,"2017-09-19","2017-09-17","7738.71",2019-07-30 14:33:46,2019-07-30 14:33:46
195,Leslie Batz,cancelled,"2017-01-15","2017-01-11","7200.39",2019-07-30 14:33:46,2019-07-30 14:33:46
196,Alphonso Reichert,paying,"2017-06-15","2017-06-12","4382.94",2019-07-30 14:33:46,2019-07-30 14:33:46
197,Dr. Jonathan Kub,payed,"2015-05-28","2015-05-25","3871.27",2019-07-30 14:33:46,2019-07-30 14:33:46
198,Mr. Marisha Dietrich,paying,"2014-11-15","2014-11-15","3010.55",2019-07-30 14:33:46,2019-07-30 14:33:46
199,Junita O'Connell,cancelled,"2014-09-24","2014-09-21","7836.43",2019-07-30 14:33:46,2019-07-30 14:33:46
200,Lazaro Bahringer,paying,"2018-01-10","2018-01-05","7621.57",2019-07-30 14:33:46,2019-07-30 14:33:46
201,Miss Jenni Runolfsdottir,paying,"2016-08-11","2016-08-07","8114.15",2019-07-30 14:33:46,2019-07-30 14:33:46
202,Josef Bogan,cancelled,"2019-06-19","2019-06-17","9496.71",2019-07-30 14:33:46,2019-07-30 14:33:46
203,Kasey Oberbrunner,payed,"2018-05-28","2018-05-26","6611.07",2019-07-30 14:33:46,2019-07-30 14:33:46
204,Troy Pollich,cancelled,"2017-09-13","2017-09-08","7037.86",2019-07-30 14:33:46,2019-07-30 14:33:46
205,Bertie Blanda,cancelled,"2018-05-17","2018-05-13","4503.43",2019-07-30 14:33:46,2019-07-30 14:33:46
206,Mittie Bogisich,paying,"2016-05-13","2016-05-07","8922.53",2019-07-30 14:33:46,2019-07-30 14:33:46
207,Rocky Abbott IV,payed,"2016-11-06","2016-10-31","9797.05",2019-07-30 14:33:46,2019-07-30 14:33:46
208,Eve Wyman,payed,"2018-07-14","2018-07-08","6825.42",2019-07-30 14:33:46,2019-07-30 14:33:46
209,Miss Catarina Roob,cancelled,"2019-06-30","2019-06-24","7172.29",2019-07-30 14:33:46,2019-07-30 14:33:46
210,Melvin Rosenbaum,cancelled,"2017-12-26","2017-12-24","6403.35",2019-07-30 14:33:46,2019-07-30 14:33:46
211,Mr. Darrin Schmidt,paying,"2015-01-29","2015-01-29","5990.90",2019-07-30 14:33:46,2019-07-30 14:33:46
212,Mckinley Brown,payed,"2017-09-05","2017-09-02","7322.38",2019-07-30 14:33:46,2019-07-30 14:33:46
213,Marvin Heller,cancelled,"2017-05-21","2017-05-17","5656.34",2019-07-30 14:33:46,2019-07-30 14:33:46
214,Lewis Lindgren,paying,"2017-01-22","2017-01-21","3978.78",2019-07-30 14:33:46,2019-07-30 14:33:46
215,Mr. Merle Dickinson,paying,"2014-11-24","2014-11-18","9767.06",2019-07-30 14:33:46,2019-07-30 14:33:46
216,Wilfredo Hermiston IV,cancelled,"2016-06-30","2016-06-28","7555.85",2019-07-30 14:33:46,2019-07-30 14:33:46
217,Willard Hudson,cancelled,"2018-12-19","2018-12-13","9946.88",2019-07-30 14:33:46,2019-07-30 14:33:46
218,Maryrose Christiansen,paying,"2015-06-13","2015-06-10","6314.62",2019-07-30 14:33:46,2019-07-30 14:33:46
219,Stanley Mohr,paying,"2018-05-11","2018-05-09","4863.02",2019-07-30 14:33:46,2019-07-30 14:33:46
220,Mr. Kraig Klocko,payed,"2014-10-17","2014-10-12","9665.61",2019-07-30 14:33:46,2019-07-30 14:33:46
221,Man Altenwerth,payed,"2015-02-11","2015-02-09","4636.97",2019-07-30 14:33:46,2019-07-30 14:33:46
222,Mariano Crist,payed,"2016-11-12","2016-11-10","9870.55",2019-07-30 14:33:46,2019-07-30 14:33:46
223,Grant Hermiston Jr.,cancelled,"2015-03-09","2015-03-06","6523.53",2019-07-30 14:33:46,2019-07-30 14:33:46
224,Mrs. Shanika Toy,paying,"2017-05-05","2017-04-28","4395.79",2019-07-30 14:33:46,2019-07-30 14:33:46
298,Herbert Hand,payed,"2016-10-13","2016-10-08",RrVM,2019-07-30 14:33:55,2019-07-30 14:33:55
225,Mrs. Merlin Ryan,paying,"2017-09-12","2017-09-09","7906.04",2019-07-30 14:33:46,2019-07-30 14:33:46
226,Emilio Smith,cancelled,"2016-12-24","2016-12-22","3396.49",2019-07-30 14:33:46,2019-07-30 14:33:46
227,Mrs. Dee Goodwin,paying,"2015-06-21","2015-06-18","9294.28",2019-07-30 14:33:46,2019-07-30 14:33:46
228,Lester Nikolaus,payed,"2015-07-29","2015-07-26","9907.85",2019-07-30 14:33:46,2019-07-30 14:33:46
229,Rosena Runolfsdottir,paying,"2017-12-12","2017-12-10","7156.68",2019-07-30 14:33:46,2019-07-30 14:33:46
230,Sergio Robel PhD,paying,"2015-04-16","2015-04-13","3685.94",2019-07-30 14:33:46,2019-07-30 14:33:46
231,Ayana McLaughlin,paying,"2018-08-06","2018-08-01","7723.53",2019-07-30 14:33:46,2019-07-30 14:33:46
232,Edmundo Hyatt Sr.,paying,"2018-10-29","2018-10-27","4339.19",2019-07-30 14:33:46,2019-07-30 14:33:46
233,Roselee Mraz,paying,"2017-06-23","2017-06-19","3681.86",2019-07-30 14:33:46,2019-07-30 14:33:46
234,Mr. Lupe Stiedemann,cancelled,"2016-07-17","2016-07-14","8835.00",2019-07-30 14:33:46,2019-07-30 14:33:46
235,Wanetta Witting,paying,"2017-01-10","2017-01-09","9677.00",2019-07-30 14:33:46,2019-07-30 14:33:46
236,Stan O'Reilly III,payed,"2019-03-09","2019-03-09","4271.42",2019-07-30 14:33:46,2019-07-30 14:33:46
237,Corrine Kub,cancelled,"2015-02-22","2015-02-16","5637.68",2019-07-30 14:33:46,2019-07-30 14:33:46
238,Annalisa Bechtelar,payed,"2017-03-02","2017-02-27","8544.12",2019-07-30 14:33:46,2019-07-30 14:33:46
239,Bob Graham,payed,"2015-02-05","2015-02-03","4498.29",2019-07-30 14:33:46,2019-07-30 14:33:46
240,Ahmed Trantow MD,cancelled,"2018-05-23","2018-05-17","4202.86",2019-07-30 14:33:46,2019-07-30 14:33:46
241,Stacy Thiel,cancelled,"2014-09-16","2014-09-14","3681.71",2019-07-30 14:33:46,2019-07-30 14:33:46
242,Miss Earle Lockman,paying,"2018-06-29","2018-06-25","4589.03",2019-07-30 14:33:46,2019-07-30 14:33:46
243,Larisa Kemmer,paying,"2017-05-23","2017-05-23","8465.86",2019-07-30 14:33:46,2019-07-30 14:33:46
244,Lamont Lang,cancelled,"2018-10-28","2018-10-25","9442.67",2019-07-30 14:33:46,2019-07-30 14:33:46
245,Mr. Sharice Pagac,cancelled,"2015-09-20","2015-09-16","9599.22",2019-07-30 14:33:46,2019-07-30 14:33:46
246,Retta Osinski,payed,"2019-04-30","2019-04-28","7858.26",2019-07-30 14:33:46,2019-07-30 14:33:46
247,Preston Haag MD,paying,"2018-05-06","2018-05-01","4126.75",2019-07-30 14:33:46,2019-07-30 14:33:46
248,Lauren Lesch,paying,"2018-04-03","2018-03-29","8019.51",2019-07-30 14:33:46,2019-07-30 14:33:46
249,Jeanmarie Larson,cancelled,"2017-09-11","2017-09-08","7586.68",2019-07-30 14:33:46,2019-07-30 14:33:46
250,Theodore Kerluke,cancelled,"2016-01-17","2016-01-14","8589.62",2019-07-30 14:33:46,2019-07-30 14:33:46
251,Unde sit doloribus. Sed harum in. Alias et aut. Et mol.,payed,"2018-05-06","2018-04-30","8229.41",2019-07-30 14:33:55,2019-07-30 14:33:55
252,Ducimus aspernatur ut. Suscipit ex iusto. Nam culpa do.,cancelled,"2017-09-24","2017-09-22","5207.48",2019-07-30 14:33:55,2019-07-30 14:33:55
253,Perferendis ipsum officia. Et repellendus atque. Disti.,paying,"2019-02-08","2019-02-02","7570.40",2019-07-30 14:33:55,2019-07-30 14:33:55
254,Mollitia suscipit et. Ipsum maxime sunt. Commodi eos o.,cancelled,"2014-11-06","2014-11-03","8997.49",2019-07-30 14:33:55,2019-07-30 14:33:55
255,Ad culpa sequi. Voluptate perspiciatis beatae. Dolor e.,paying,"2017-01-30","2017-01-25","8499.23",2019-07-30 14:33:55,2019-07-30 14:33:55
256,Asperiores corrupti facere. Adipisci commodi vel. Odio.,cancelled,"2014-11-30","2014-11-26","4999.47",2019-07-30 14:33:55,2019-07-30 14:33:55
257,Ut dicta esse. Voluptate et explicabo. Minima sint com.,paying,"2016-11-20","2016-11-19","6856.26",2019-07-30 14:33:55,2019-07-30 14:33:55
258,Quia ut aliquid. Rerum dolorum soluta. Quia quisquam d.,payed,"2017-11-28","2017-11-26","5487.74",2019-07-30 14:33:55,2019-07-30 14:33:55
259,Sint voluptate in. Rerum hic quia. Sit corporis dolore.,paying,"2015-06-15","2015-06-08","7623.12",2019-07-30 14:33:55,2019-07-30 14:33:55
260,Accusamus molestiae vitae. Quae aut tempore. Dolorem q.,cancelled,"2017-08-30","2017-08-28","3496.79",2019-07-30 14:33:55,2019-07-30 14:33:55
261,Rosario Stanton,vel,"2014-08-08","2014-08-07","8288.42",2019-07-30 14:33:55,2019-07-30 14:33:55
262,Piedad Bergnaum MD,dolor,"2019-03-19","2019-03-18","9550.73",2019-07-30 14:33:55,2019-07-30 14:33:55
263,Shelly Gutmann,suscipit,"2016-12-11","2016-12-06","6982.25",2019-07-30 14:33:55,2019-07-30 14:33:55
264,Miss Bobette Lang,tempora,"2019-07-23","2019-07-21","3845.32",2019-07-30 14:33:55,2019-07-30 14:33:55
265,Maryetta Reilly,nostrum,"2014-08-08","2014-08-03","3794.47",2019-07-30 14:33:55,2019-07-30 14:33:55
266,Leon Mosciski,eum,"2014-10-19","2014-10-15","3208.82",2019-07-30 14:33:55,2019-07-30 14:33:55
267,Rory Rosenbaum,provident,"2017-05-21","2017-05-17","9169.16",2019-07-30 14:33:55,2019-07-30 14:33:55
268,Edmond Thompson PhD,amet,"2016-09-21","2016-09-19","4828.82",2019-07-30 14:33:55,2019-07-30 14:33:55
269,Kirby Gutmann,magnam,"2016-11-08","2016-11-01","6630.14",2019-07-30 14:33:55,2019-07-30 14:33:55
270,Blaine Doyle,harum,"2017-12-26","2017-12-25","6265.93",2019-07-30 14:33:55,2019-07-30 14:33:55
271,Hugo Bode,cancelled,,"2018-01-02","8700.19",2019-07-30 14:33:55,2019-07-30 14:33:55
272,Clarine Toy,cancelled,,"2018-12-02","3547.07",2019-07-30 14:33:55,2019-07-30 14:33:55
273,Dick Johnston,payed,,"2018-01-11","4079.51",2019-07-30 14:33:55,2019-07-30 14:33:55
274,Ms. Kirby Bernier,payed,,"2016-02-06","6886.82",2019-07-30 14:33:55,2019-07-30 14:33:55
275,Mrs. Salvatore Heller,payed,,"2018-04-22","8644.18",2019-07-30 14:33:55,2019-07-30 14:33:55
276,Collette Dach Sr.,paying,,"2014-09-27","5917.31",2019-07-30 14:33:55,2019-07-30 14:33:55
277,Dr. Rachell Funk,payed,,"2016-06-06","8695.18",2019-07-30 14:33:55,2019-07-30 14:33:55
278,Coleman Ernser,paying,,"2015-05-22","6393.14",2019-07-30 14:33:55,2019-07-30 14:33:55
279,Chanell Hintz,cancelled,,"2015-11-16","5923.97",2019-07-30 14:33:55,2019-07-30 14:33:55
280,Erinn Wyman,paying,,"2015-09-24","7470.88",2019-07-30 14:33:55,2019-07-30 14:33:55
281,Mr. Raymon Corwin,paying,"2017-05-21",,"3909.47",2019-07-30 14:33:55,2019-07-30 14:33:55
282,Mellie Luettgen II,cancelled,"2015-09-20",,"7260.20",2019-07-30 14:33:55,2019-07-30 14:33:55
283,Mrs. Lorita Cartwright,payed,"2018-05-29",,"6071.66",2019-07-30 14:33:55,2019-07-30 14:33:55
284,Chi Effertz,paying,"2018-04-23",,"5911.73",2019-07-30 14:33:55,2019-07-30 14:33:55
285,Emile Heathcote,paying,"2015-12-02",,"4260.92",2019-07-30 14:33:55,2019-07-30 14:33:55
286,Latoya McGlynn III,paying,"2016-01-07",,"7240.24",2019-07-30 14:33:55,2019-07-30 14:33:55
287,Percy Pouros,payed,"2017-10-21",,"6796.93",2019-07-30 14:33:55,2019-07-30 14:33:55
288,Raeann Osinski,cancelled,"2017-04-18",,"3699.30",2019-07-30 14:33:55,2019-07-30 14:33:55
289,Ms. Bertram Quigley,paying,"2015-09-02",,"4081.87",2019-07-30 14:33:55,2019-07-30 14:33:55
290,Courtney Roberts,paying,"2019-07-01",,"6656.70",2019-07-30 14:33:55,2019-07-30 14:33:55
291,Mrs. Solomon Watsica,cancelled,"2017-07-31","2017-07-30",oUUQ,2019-07-30 14:33:55,2019-07-30 14:33:55
292,Clay Grant MD,cancelled,"2014-12-16","2014-12-11",FhrU,2019-07-30 14:33:55,2019-07-30 14:33:55
293,Wes Wehner,payed,"2014-08-22","2014-08-18",kbPE,2019-07-30 14:33:55,2019-07-30 14:33:55
294,Joey Wiegand,payed,"2016-04-20","2016-04-18",srXN,2019-07-30 14:33:55,2019-07-30 14:33:55
295,Sylvia Sporer,cancelled,"2018-08-06","2018-08-04",jfCs,2019-07-30 14:33:55,2019-07-30 14:33:55
296,Ms. Lenore Farrell,paying,"2015-05-06","2015-04-29",Ljfj,2019-07-30 14:33:55,2019-07-30 14:33:55
297,Robby Leffler DDS,payed,"2016-09-22","2016-09-22",ZubL,2019-07-30 14:33:55,2019-07-30 14:33:55
299,Tambra Bogisich,paying,"2016-06-13","2016-06-06",kmXn,2019-07-30 14:33:55,2019-07-30 14:33:55
300,Oren Hoppe,cancelled,"2018-04-03","2018-04-03",ZgVv,2019-07-30 14:33:55,2019-07-30 14:33:55
